Observation Date,Observation Value
4-Mar-26,10.66
3-Mar-26,10.65
2-Mar-26,10.65
27-Feb-26,10.61
26-Feb-26,10.6
25-Feb-26,10.59
24-Feb-26,10.59
23-Feb-26,10.58
20-Feb-26,10.57
18-Feb-26,10.56
17-Feb-26,10.56
16-Feb-26,10.56
13-Feb-26,10.53
12-Feb-26,10.52
11-Feb-26,10.52
10-Feb-26,10.53
9-Feb-26,10.52
6-Feb-26,10.51
4-Feb-26,10.5
3-Feb-26,10.49
2-Feb-26,10.49
30-Jan-26,10.49
29-Jan-26,10.49
28-Jan-26,10.48
27-Jan-26,10.4
26-Jan-26,10.18
23-Jan-26,10.21
22-Jan-26,10.24
21-Jan-26,10.31
19-Jan-26,10.32
16-Jan-26,10.33
15-Jan-26,10.35
14-Jan-26,10.36
13-Jan-26,10.36
12-Jan-26,10.36
9-Jan-26,10.39
8-Jan-26,10.43
7-Jan-26,10.54
6-Jan-26,10.55
5-Jan-26,10.56
2-Jan-26,10.58
31-Dec-25,10.65
30-Dec-25,10.65
29-Dec-25,10.65
26-Dec-25,10.66
24-Dec-25,10.65
22-Dec-25,10.69
19-Dec-25,10.68
18-Dec-25,10.68
17-Dec-25,10.73
16-Dec-25,10.76
15-Dec-25,11.11
12-Dec-25,11.12
11-Dec-25,11.14
10-Dec-25,11.15
9-Dec-25,11.16
8-Dec-25,11.15
5-Dec-25,11.16
4-Dec-25,11.16
3-Dec-25,11.15
2-Dec-25,11.16
1-Dec-25,11.16
28-Nov-25,11.16
27-Nov-25,11.18
26-Nov-25,11.19
25-Nov-25,11.19
24-Nov-25,11.19
21-Nov-25,11.18
20-Nov-25,11.19
19-Nov-25,11.19
18-Nov-25,11.19
17-Nov-25,11.18
14-Nov-25,11.19
13-Nov-25,11.19
12-Nov-25,11.19
11-Nov-25,11.19
10-Nov-25,11.18
7-Nov-25,11.2
6-Nov-25,11.19
5-Nov-25,11.18
4-Nov-25,11.18
3-Nov-25,11.18
31-Oct-25,11.19
30-Oct-25,11.2
29-Oct-25,11.19
28-Oct-25,11.19
27-Oct-25,11.18
24-Oct-25,11.18
23-Oct-25,11.18
22-Oct-25,11.18
21-Oct-25,11.18
20-Oct-25,11.18
17-Oct-25,11.2
16-Oct-25,11.18
15-Oct-25,11.18
14-Oct-25,11.17
13-Oct-25,11.17
10-Oct-25,11.17
9-Oct-25,11.17
8-Oct-25,11.18
7-Oct-25,11.17
6-Oct-25,11.17
3-Oct-25,11.16
2-Oct-25,11.17
1-Oct-25,11.11
30-Sep-25,11.09
29-Sep-25,11.09
26-Sep-25,11.09
25-Sep-25,11.07
24-Sep-25,11.05
23-Sep-25,11.05
22-Sep-25,11.06
19-Sep-25,11.07
18-Sep-25,11.05
17-Sep-25,11.08
16-Sep-25,11.06
15-Sep-25,11.05
12-Sep-25,11.04
11-Sep-25,11.03
10-Sep-25,11.03
9-Sep-25,11.03
8-Sep-25,11.04
5-Sep-25,11.04
4-Sep-25,11.04
3-Sep-25,11.04
2-Sep-25,11.04
1-Sep-25,11.03
29-Aug-25,11.03
28-Aug-25,11.03
27-Aug-25,11.03
26-Aug-25,11.04
25-Aug-25,11.05
22-Aug-25,11.04
21-Aug-25,11.04
20-Aug-25,11.06
19-Aug-25,11.05
18-Aug-25,11.05
15-Aug-25,11.05
13-Aug-25,11.06
12-Aug-25,11.06
11-Aug-25,11.07
8-Aug-25,11.06
7-Aug-25,11.04
6-Aug-25,11.07
5-Aug-25,11.05
4-Aug-25,11.07
1-Aug-25,11.05
31-Jul-25,11.02
30-Jul-25,10.83
29-Jul-25,10.84
28-Jul-25,10.84
25-Jul-25,10.86
24-Jul-25,10.87
23-Jul-25,10.99
22-Jul-25,11.01
21-Jul-25,11.01
18-Jul-25,11.01
17-Jul-25,11.02
16-Jul-25,11.02
15-Jul-25,11.03
14-Jul-25,11.03
11-Jul-25,11.03
10-Jul-25,11.03
9-Jul-25,11.02
8-Jul-25,11.01
7-Jul-25,11
4-Jul-25,11.01
3-Jul-25,11.07
2-Jul-25,11.1
30-Jun-25,11.13
27-Jun-25,11.09
26-Jun-25,11.11
25-Jun-25,11.2
24-Jun-25,11.22
23-Jun-25,11.24
20-Jun-25,11.25
19-Jun-25,11.2
18-Jun-25,11.18
17-Jun-25,11.17
16-Jun-25,11.09
13-Jun-25,11.06
12-Jun-25,11.09
11-Jun-25,11.15
10-Jun-25,11.14
5-Jun-25,11.17
4-Jun-25,11.16
3-Jun-25,11.17
2-Jun-25,11.18
30-May-25,11.2
29-May-25,11.22
27-May-25,11.38
26-May-25,11.38
23-May-25,11.39
22-May-25,11.39
21-May-25,11.39
20-May-25,11.39
19-May-25,11.39
16-May-25,11.41
15-May-25,11.41
14-May-25,11.44
13-May-25,11.44
12-May-25,11.44
9-May-25,11.45
8-May-25,11.42
7-May-25,11.42
6-May-25,11.44
5-May-25,12.08
2-May-25,12.08
30-Apr-25,12.1
29-Apr-25,12.1
28-Apr-25,12.1
25-Apr-25,12.09
24-Apr-25,12.09
23-Apr-25,12.09
22-Apr-25,12.09
21-Apr-25,12.09
18-Apr-25,12.09
17-Apr-25,12.09
16-Apr-25,12.08
15-Apr-25,12.08
14-Apr-25,12.09
11-Apr-25,12.09
10-Apr-25,12.11
9-Apr-25,12.12
8-Apr-25,12.11
7-Apr-25,12.11
4-Apr-25,12.12
3-Apr-25,12.12
28-Mar-25,12.13
27-Mar-25,12.12
26-Mar-25,12
25-Mar-25,12
24-Mar-25,12
21-Mar-25,12.01
20-Mar-25,12.02
19-Mar-25,12.03
18-Mar-25,12.02
17-Mar-25,12.02
14-Mar-25,12.01
13-Mar-25,12.02
12-Mar-25,12.02
11-Mar-25,12
10-Mar-25,11.78
7-Mar-25,11.81
6-Mar-25,11.82
5-Mar-25,11.82
4-Mar-25,11.83
28-Feb-25,11.82
27-Feb-25,11.85
26-Feb-25,11.84
25-Feb-25,11.85
24-Feb-25,11.86
21-Feb-25,11.85
20-Feb-25,11.85
19-Feb-25,11.83
18-Feb-25,11.83
17-Feb-25,11.84
14-Feb-25,11.81
13-Feb-25,11.79
12-Feb-25,11.82
11-Feb-25,11.8
10-Feb-25,11.79
7-Feb-25,11.78
6-Feb-25,11.76
4-Feb-25,11.75
3-Feb-25,11.73
31-Jan-25,11.72
30-Jan-25,11.69
29-Jan-25,11.71
28-Jan-25,11.69
27-Jan-25,11.64
24-Jan-25,11.66
23-Jan-25,11.66
22-Jan-25,11.86
21-Jan-25,11.88
20-Jan-25,11.91
17-Jan-25,11.89
16-Jan-25,11.89
15-Jan-25,11.89
14-Jan-25,11.87
13-Jan-25,11.87
10-Jan-25,11.88
9-Jan-25,11.89
8-Jan-25,12
7-Jan-25,12.02
6-Jan-25,12.05
3-Jan-25,12.08
2-Jan-25,12.11
31-Dec-24,12.16
30-Dec-24,12.18
27-Dec-24,12.19
26-Dec-24,12.19
24-Dec-24,12.22
23-Dec-24,12.24
20-Dec-24,12.25
19-Dec-24,12.24
18-Dec-24,12.23
17-Dec-24,12.23
16-Dec-24,12.19
13-Dec-24,12.21
12-Dec-24,12.22
11-Dec-24,12.39
10-Dec-24,12.49
9-Dec-24,12.53
6-Dec-24,12.56
5-Dec-24,12.57
4-Dec-24,12.55
3-Dec-24,12.57
2-Dec-24,12.59
29-Nov-24,12.67
28-Nov-24,12.88
27-Nov-24,13.37
26-Nov-24,13.52
25-Nov-24,13.59
22-Nov-24,13.63
21-Nov-24,13.65
20-Nov-24,13.64
19-Nov-24,13.64
18-Nov-24,13.63
15-Nov-24,13.6
14-Nov-24,13.52
13-Nov-24,13.33
12-Nov-24,13.33
11-Nov-24,13.34
8-Nov-24,13.3
7-Nov-24,13.28
6-Nov-24,13.29
5-Nov-24,13.29
4-Nov-24,13.33
1-Nov-24,13.43
31-Oct-24,13.56
30-Oct-24,13.88
29-Oct-24,14
28-Oct-24,14.08
25-Oct-24,14.12
24-Oct-24,14.24
23-Oct-24,14.43
22-Oct-24,14.53
21-Oct-24,14.51
18-Oct-24,14.55
17-Oct-24,14.59
16-Oct-24,14.65
15-Oct-24,14.66
14-Oct-24,14.7
11-Oct-24,14.68
10-Oct-24,14.71
9-Oct-24,14.7
8-Oct-24,14.71
7-Oct-24,14.69
4-Oct-24,14.7
3-Oct-24,14.76
2-Oct-24,15.02
1-Oct-24,15.09
30-Sep-24,15.2
27-Sep-24,15.43
26-Sep-24,15.89
25-Sep-24,16.08
24-Sep-24,16.18
23-Sep-24,16.21
20-Sep-24,16.29
19-Sep-24,16.45
18-Sep-24,17.02
16-Sep-24,17.07
13-Sep-24,17.1
12-Sep-24,17.67
11-Sep-24,17.73
10-Sep-24,17.73
9-Sep-24,17.76
6-Sep-24,17.8
5-Sep-24,17.84
4-Sep-24,17.82
3-Sep-24,17.89
2-Sep-24,17.87
30-Aug-24,17.91
29-Aug-24,17.91
28-Aug-24,17.89
27-Aug-24,17.87
26-Aug-24,17.86
23-Aug-24,17.87
22-Aug-24,17.94
21-Aug-24,18.57
20-Aug-24,18.62
19-Aug-24,18.61
16-Aug-24,18.7
15-Aug-24,18.72
13-Aug-24,18.75
12-Aug-24,18.79
9-Aug-24,18.83
8-Aug-24,18.91
7-Aug-24,19.28
6-Aug-24,19.35
5-Aug-24,19.35
2-Aug-24,19.37
1-Aug-24,19.39
31-Jul-24,19.39
30-Jul-24,19.4
29-Jul-24,19.38
26-Jul-24,19.41
25-Jul-24,19.43
24-Jul-24,19.74
23-Jul-24,19.84
22-Jul-24,19.88
19-Jul-24,19.9
18-Jul-24,19.89
15-Jul-24,19.92
12-Jul-24,19.95
11-Jul-24,19.96
10-Jul-24,20.08
9-Jul-24,20.1
8-Jul-24,20.09
5-Jul-24,20.09
4-Jul-24,20.1
3-Jul-24,20.12
2-Jul-24,20.13
28-Jun-24,20.14
27-Jun-24,20.16
26-Jun-24,20.14
25-Jun-24,20.13
24-Jun-24,20.11
21-Jun-24,20.11
20-Jun-24,20.1
14-Jun-24,20.11
13-Jun-24,20.07
12-Jun-24,20.11
11-Jun-24,20.12
10-Jun-24,20.68
7-Jun-24,20.7
6-Jun-24,20.73
5-Jun-24,20.74
4-Jun-24,20.84
3-Jun-24,20.91
31-May-24,21.02
30-May-24,21.07
29-May-24,21.25
27-May-24,21.26
24-May-24,21.27
23-May-24,21.27
22-May-24,21.26
21-May-24,21.26
20-May-24,21.27
17-May-24,21.29
16-May-24,21.35
15-May-24,21.56
14-May-24,21.56
13-May-24,21.57
10-May-24,21.58
9-May-24,21.58
8-May-24,21.59
7-May-24,21.6
6-May-24,21.6
3-May-24,21.6
2-May-24,21.58
30-Apr-24,21.54
29-Apr-24,21.37
26-Apr-24,21.43
25-Apr-24,21.49
24-Apr-24,21.55
23-Apr-24,21.55
22-Apr-24,21.69
19-Apr-24,21.67
18-Apr-24,21.68
17-Apr-24,21.71
16-Apr-24,21.75
15-Apr-24,21.73
9-Apr-24,21.73
8-Apr-24,21.65
5-Apr-24,21.64
4-Apr-24,21.67
3-Apr-24,21.66
2-Apr-24,21.66
1-Apr-24,21.7
29-Mar-24,21.71
28-Mar-24,21.7
27-Mar-24,21.66
26-Mar-24,21.63
25-Mar-24,21.6
22-Mar-24,21.54
21-Mar-24,21.48
20-Mar-24,21.43
19-Mar-24,21.45
18-Mar-24,21.24
15-Mar-24,21.31
14-Mar-24,21.35
13-Mar-24,21.35
11-Mar-24,21.38
8-Mar-24,21.36
7-Mar-24,21.43
6-Mar-24,21.53
5-Mar-24,21.56
4-Mar-24,21.59
1-Mar-24,21.69
29-Feb-24,21.73
28-Feb-24,21.74
27-Feb-24,21.74
26-Feb-24,21.74
23-Feb-24,21.68
22-Feb-24,21.67
21-Feb-24,21.67
20-Feb-24,21.6
19-Feb-24,21.52
16-Feb-24,21.48
15-Feb-24,21.44
14-Feb-24,21.43
13-Feb-24,21.41
12-Feb-24,21.37
9-Feb-24,21.3
7-Feb-24,21.21
6-Feb-24,21.3
2-Feb-24,21.15
1-Feb-24,21.06
31-Jan-24,20.97
30-Jan-24,20.83
29-Jan-24,20.7
26-Jan-24,20.67
25-Jan-24,20.62
24-Jan-24,20.82
23-Jan-24,20.85
22-Jan-24,20.83
19-Jan-24,20.69
18-Jan-24,20.73
17-Jan-24,20.73
16-Jan-24,20.77
15-Jan-24,20.83
12-Jan-24,20.92
11-Jan-24,20.98
10-Jan-24,21.31
9-Jan-24,21.35
8-Jan-24,21.37
5-Jan-24,21.38
4-Jan-24,21.41
3-Jan-24,21.47
2-Jan-24,21.48
29-Dec-23,21.49
28-Dec-23,21.5
27-Dec-23,21.44
26-Dec-23,21.42
22-Dec-23,21.46
21-Dec-23,21.43
20-Dec-23,21.43
19-Dec-23,21.44
18-Dec-23,21.47
15-Dec-23,21.51
14-Dec-23,21.55
13-Dec-23,21.76
12-Dec-23,21.64
11-Dec-23,21.63
8-Dec-23,21.67
7-Dec-23,21.72
6-Dec-23,21.72
5-Dec-23,21.58
4-Dec-23,21.53
1-Dec-23,21.48
30-Nov-23,21.47
29-Nov-23,21.45
28-Nov-23,21.45
27-Nov-23,21.44
24-Nov-23,21.43
23-Nov-23,21.4
22-Nov-23,21.4
21-Nov-23,21.33
20-Nov-23,21.24
17-Nov-23,21.21
16-Nov-23,21.34
15-Nov-23,21.7
14-Nov-23,21.73
13-Nov-23,21.69
10-Nov-23,21.69
8-Nov-23,21.71
7-Nov-23,21.71
6-Nov-23,21.69
3-Nov-23,21.69
2-Nov-23,21.75
1-Nov-23,22
31-Oct-23,22
30-Oct-23,21.92
27-Oct-23,21.97
26-Oct-23,22
25-Oct-23,22.02
24-Oct-23,22.02
23-Oct-23,22.07
20-Oct-23,22.05
19-Oct-23,22.18
18-Oct-23,22.67
17-Oct-23,22.73
16-Oct-23,22.77
13-Oct-23,22.72
12-Oct-23,22.76
11-Oct-23,22.76
10-Oct-23,22.78
9-Oct-23,22.8
6-Oct-23,22.8
5-Oct-23,22.9
4-Oct-23,22.98
3-Oct-23,22.96
2-Oct-23,22.96
28-Sep-23,22.95
27-Sep-23,22.97
26-Sep-23,22.92
25-Sep-23,22.96
22-Sep-23,22.94
21-Sep-23,22.94
20-Sep-23,23.08
19-Sep-23,23.08
18-Sep-23,23.09
15-Sep-23,23.09
14-Sep-23,24.68
13-Sep-23,24.71
12-Sep-23,24.69
11-Sep-23,24.7
8-Sep-23,24.67
7-Sep-23,24.62
6-Sep-23,23.6
5-Sep-23,23.53
4-Sep-23,23.58
1-Sep-23,23.43
31-Aug-23,23.21
30-Aug-23,23.15
29-Aug-23,23.16
28-Aug-23,23.16
25-Aug-23,23.16
24-Aug-23,23.16
23-Aug-23,23.17
22-Aug-23,23.16
21-Aug-23,23.18
18-Aug-23,23.14
17-Aug-23,23.11
16-Aug-23,23.09
15-Aug-23,23.05
11-Aug-23,23.03
10-Aug-23,23.04
9-Aug-23,22.97
8-Aug-23,22.94
7-Aug-23,22.93
4-Aug-23,22.94
3-Aug-23,22.95
2-Aug-23,23.01
1-Aug-23,23
31-Jul-23,23.22
27-Jul-23,23.17
26-Jul-23,23.19
25-Jul-23,23.15
24-Jul-23,23.14
21-Jul-23,23.13
20-Jul-23,23.08
19-Jul-23,23.01
18-Jul-23,22.91
17-Jul-23,22.9
14-Jul-23,22.89
13-Jul-23,22.95
12-Jul-23,23.02
11-Jul-23,22.99
10-Jul-23,22.98
7-Jul-23,22.97
6-Jul-23,22.98
5-Jul-23,22.97
4-Jul-23,22.97
27-Jun-23,22.97
26-Jun-23,22.09
23-Jun-23,22.13
22-Jun-23,22.15
21-Jun-23,22.14
20-Jun-23,22.16
19-Jun-23,22.13
16-Jun-23,22.12
15-Jun-23,22.12
14-Jun-23,22.08
13-Jun-23,22.11
12-Jun-23,22.13
9-Jun-23,22.12
8-Jun-23,22.1
7-Jun-23,22.09
6-Jun-23,22.07
5-Jun-23,22.14
2-Jun-23,22.17
1-Jun-23,22.17
31-May-23,22.18
30-May-23,22.17
29-May-23,22.14
26-May-23,22.12
25-May-23,22.11
24-May-23,22.09
23-May-23,22.08
22-May-23,22.08
19-May-23,22.06
18-May-23,22.05
17-May-23,22.04
16-May-23,22.03
15-May-23,22.05
12-May-23,22.05
11-May-23,22.08
10-May-23,22.08
9-May-23,22.08
8-May-23,22.07
5-May-23,22.08
4-May-23,22.08
2-May-23,22.06
28-Apr-23,22.06
27-Apr-23,22.06
26-Apr-23,22.08
20-Apr-23,22.09
19-Apr-23,22.08
18-Apr-23,22.11
17-Apr-23,22.1
14-Apr-23,22.1
13-Apr-23,22.1
12-Apr-23,22.09
11-Apr-23,22.08
10-Apr-23,22.09
7-Apr-23,22.07
6-Apr-23,22.07
5-Apr-23,21.98
4-Apr-23,22.36
3-Apr-23,22.19
31-Mar-23,22.07
30-Mar-23,22.03
29-Mar-23,22.01
28-Mar-23,22.01
27-Mar-23,22.01
22-Mar-23,21.21
21-Mar-23,21.18
20-Mar-23,21.16
17-Mar-23,21.15
16-Mar-23,21.15
15-Mar-23,21.16
14-Mar-23,21.15
13-Mar-23,21.13
10-Mar-23,21.12
9-Mar-23,21.11
8-Mar-23,21.07
7-Mar-23,21.02
6-Mar-23,20.99
3-Mar-23,20.9
2-Mar-23,20.14
1-Mar-23,20.1
28-Feb-23,20.06
27-Feb-23,19.97
24-Feb-23,19.96
23-Feb-23,19.97
22-Feb-23,19.06
21-Feb-23,19
20-Feb-23,18.94
17-Feb-23,18.88
16-Feb-23,18.82
15-Feb-23,18.44
14-Feb-23,18.34
13-Feb-23,18.28
10-Feb-23,18.31
9-Feb-23,18.13
8-Feb-23,18.03
7-Feb-23,18.02
6-Feb-23,18
3-Feb-23,18
2-Feb-23,18
1-Feb-23,17.98
31-Jan-23,17.97
30-Jan-23,17.95
27-Jan-23,17.95
26-Jan-23,17.94
25-Jan-23,17.87
24-Jan-23,17.82
23-Jan-23,17.8
20-Jan-23,17.5
19-Jan-23,17.24
18-Jan-23,17.16
17-Jan-23,17.1
16-Jan-23,17.11
13-Jan-23,17.14
12-Jan-23,17.13
11-Jan-23,17.12
10-Jan-23,17.1
9-Jan-23,17.11
6-Jan-23,17.1
5-Jan-23,17.1
4-Jan-23,17.08
3-Jan-23,17.07
30-Dec-22,17.04
29-Dec-22,17.06
28-Dec-22,17.05
27-Dec-22,17.05
26-Dec-22,17.06
23-Dec-22,17.07
22-Dec-22,17.03
21-Dec-22,17.03
20-Dec-22,17.02
19-Dec-22,17.01
16-Dec-22,17.01
15-Dec-22,17.01
14-Dec-22,16.95
13-Dec-22,16.96
12-Dec-22,16.94
9-Dec-22,16.92
8-Dec-22,16.95
7-Dec-22,16.96
6-Dec-22,16.97
5-Dec-22,16.97
2-Dec-22,17
1-Dec-22,16.98
30-Nov-22,16.95
29-Nov-22,16.88
28-Nov-22,16.81
25-Nov-22,15.9
24-Nov-22,15.89
23-Nov-22,15.87
22-Nov-22,15.87
21-Nov-22,15.85
18-Nov-22,15.86
17-Nov-22,15.87
16-Nov-22,15.85
15-Nov-22,15.85
14-Nov-22,15.84
11-Nov-22,15.84
10-Nov-22,15.86
8-Nov-22,15.83
7-Nov-22,15.84
4-Nov-22,15.85
3-Nov-22,15.84
1-Nov-22,15.85
31-Oct-22,15.84
28-Oct-22,15.83
27-Oct-22,15.84
26-Oct-22,15.84
25-Oct-22,15.84
24-Oct-22,15.83
21-Oct-22,15.83
20-Oct-22,15.8
19-Oct-22,15.79
18-Oct-22,15.77
17-Oct-22,15.77
14-Oct-22,15.75
13-Oct-22,15.74
12-Oct-22,15.77
11-Oct-22,15.78
10-Oct-22,15.78
7-Oct-22,15.8
6-Oct-22,15.81
5-Oct-22,15.86
4-Oct-22,15.89
3-Oct-22,15.89
30-Sep-22,15.91
29-Sep-22,15.93
28-Sep-22,15.97
27-Sep-22,16.01
26-Sep-22,16.05
23-Sep-22,16.12
22-Sep-22,16.11
21-Sep-22,16.12
20-Sep-22,16.11
19-Sep-22,16.1
16-Sep-22,16.1
15-Sep-22,16.11
14-Sep-22,16.1
13-Sep-22,16.08
12-Sep-22,16.07
9-Sep-22,16.07
8-Sep-22,16.04
7-Sep-22,16
6-Sep-22,15.99
5-Sep-22,16
2-Sep-22,16
1-Sep-22,16
31-Aug-22,16
30-Aug-22,16
29-Aug-22,16
26-Aug-22,16
25-Aug-22,16
24-Aug-22,16.01
23-Aug-22,16
22-Aug-22,16.02
19-Aug-22,16
18-Aug-22,16.01
17-Aug-22,15.99
16-Aug-22,15.99
15-Aug-22,15.97
12-Aug-22,15.95
11-Aug-22,15.93
10-Aug-22,15.92
5-Aug-22,15.89
4-Aug-22,15.9
3-Aug-22,15.89
2-Aug-22,15.88
1-Aug-22,15.88
29-Jul-22,15.83
28-Jul-22,15.81
27-Jul-22,15.71
26-Jul-22,15.68
25-Jul-22,15.67
22-Jul-22,15.67
21-Jul-22,15.68
20-Jul-22,15.66
19-Jul-22,15.69
18-Jul-22,15.69
15-Jul-22,15.79
14-Jul-22,15.87
13-Jul-22,15.87
7-Jul-22,15.52
6-Jul-22,15.49
5-Jul-22,15.49
4-Jul-22,15.48
30-Jun-22,15.35
29-Jun-22,15.33
28-Jun-22,15.31
27-Jun-22,15.32
24-Jun-22,15.35
23-Jun-22,15.44
22-Jun-22,15.44
21-Jun-22,15.43
20-Jun-22,15.43
17-Jun-22,15.42
16-Jun-22,15.43
15-Jun-22,15.64
14-Jun-22,15.63
13-Jun-22,15.63
10-Jun-22,15.64
9-Jun-22,15.74
8-Jun-22,15.68
7-Jun-22,15.38
6-Jun-22,15.32
3-Jun-22,15.24
2-Jun-22,15.18
1-Jun-22,14.69
31-May-22,14.7
30-May-22,14.71
27-May-22,14.72
26-May-22,14.82
25-May-22,14.83
24-May-22,14.86
23-May-22,14.91
20-May-22,14.87
19-May-22,14.84
18-May-22,15.18
17-May-22,15.07
16-May-22,15.07
13-May-22,15
12-May-22,14.98
11-May-22,14.92
10-May-22,14.9
9-May-22,14.87
6-May-22,14.87
30-Apr-22,14.83
29-Apr-22,14.81
28-Apr-22,14.96
27-Apr-22,14.23
26-Apr-22,14.1
25-Apr-22,14.06
23-Apr-22,13.94
22-Apr-22,13.86
21-Apr-22,13.84
20-Apr-22,13.33
19-Apr-22,13.24
18-Apr-22,13.22
16-Apr-22,13.17
15-Apr-22,13.17
14-Apr-22,13.11
13-Apr-22,13.03
12-Apr-22,13.03
11-Apr-22,13.05
8-Apr-22,13.18
7-Apr-22,13.19
6-Apr-22,12.64
5-Apr-22,12.54
1-Apr-22,12.5
31-Mar-22,12.52
30-Mar-22,12.51
29-Mar-22,12.51
28-Mar-22,12.51
25-Mar-22,12.49
24-Mar-22,12.47
22-Mar-22,12.1
21-Mar-22,12.05
18-Mar-22,12.02
17-Mar-22,11.89
16-Mar-22,11.91
15-Mar-22,11.92
14-Mar-22,11.93
11-Mar-22,11.94
10-Mar-22,11.93
9-Mar-22,11.28
8-Mar-22,11.21
7-Mar-22,11.22
4-Mar-22,11.11
3-Mar-22,11.08
2-Mar-22,11.06
1-Mar-22,11.03
28-Feb-22,11.03
25-Feb-22,11.02
24-Feb-22,10.99
23-Feb-22,10.85
22-Feb-22,10.83
21-Feb-22,10.83
18-Feb-22,10.83
17-Feb-22,10.82
16-Feb-22,10.81
15-Feb-22,10.8
14-Feb-22,10.79
11-Feb-22,10.77
10-Feb-22,10.78
9-Feb-22,10.73
8-Feb-22,10.74
7-Feb-22,10.74
4-Feb-22,10.73
3-Feb-22,10.76
2-Feb-22,10.75
1-Feb-22,10.74
31-Jan-22,10.74
28-Jan-22,10.73
27-Jan-22,10.74
26-Jan-22,11.05
25-Jan-22,11.08
24-Jan-22,11.43
21-Jan-22,11.43
20-Jan-22,11.45
19-Jan-22,11.44
18-Jan-22,11.42
17-Jan-22,11.45
14-Jan-22,11.46
13-Jan-22,11.4
12-Jan-22,11.46
11-Jan-22,11.47
10-Jan-22,11.51
7-Jan-22,11.51
6-Jan-22,11.51
5-Jan-22,11.48
4-Jan-22,11.47
31-Dec-21,11.46
30-Dec-21,11.47
29-Dec-21,11.14
28-Dec-21,11.05
27-Dec-21,10.97
24-Dec-21,11.07
23-Dec-21,11.17
22-Dec-21,11.19
21-Dec-21,11.2
20-Dec-21,11.26
17-Dec-21,11.37
16-Dec-21,11.53
15-Dec-21,11.26
14-Dec-21,11.54
13-Dec-21,11.53
10-Dec-21,11.52
9-Dec-21,11.53
8-Dec-21,11.55
7-Dec-21,11.51
6-Dec-21,11.5
3-Dec-21,11.5
2-Dec-21,11.46
1-Dec-21,10.3
30-Nov-21,10.29
29-Nov-21,10.28
26-Nov-21,10.31
25-Nov-21,10.29
24-Nov-21,10.28
23-Nov-21,10.22
22-Nov-21,10.03
19-Nov-21,9.16
18-Nov-21,9.08
17-Nov-21,9.05
16-Nov-21,9
15-Nov-21,8.97
12-Nov-21,8.92
11-Nov-21,8.91
10-Nov-21,8.9
9-Nov-21,8.9
8-Nov-21,8.87
5-Nov-21,8.85
4-Nov-21,8.84
3-Nov-21,8.81
2-Nov-21,8.79
1-Nov-21,8.71
29-Oct-21,8.86
28-Oct-21,8.83
27-Oct-21,8.83
26-Oct-21,8.85
25-Oct-21,8.78
22-Oct-21,8.74
21-Oct-21,8.69
20-Oct-21,8.45
18-Oct-21,8.41
15-Oct-21,8.35
14-Oct-21,8.33
13-Oct-21,8.31
12-Oct-21,8.32
11-Oct-21,8.31
8-Oct-21,8.31
7-Oct-21,8.33
6-Oct-21,8.16
5-Oct-21,8.15
4-Oct-21,8.15
1-Oct-21,8.15
30-Sep-21,8.15
29-Sep-21,8.16
28-Sep-21,8.16
27-Sep-21,8.14
24-Sep-21,8.13
23-Sep-21,8.11
22-Sep-21,7.97
21-Sep-21,7.91
20-Sep-21,7.75
17-Sep-21,7.76
16-Sep-21,7.76
15-Sep-21,7.74
14-Sep-21,7.72
13-Sep-21,7.65
10-Sep-21,7.61
9-Sep-21,7.56
8-Sep-21,7.54
7-Sep-21,7.54
6-Sep-21,7.53
3-Sep-21,7.54
2-Sep-21,7.55
1-Sep-21,7.54
31-Aug-21,7.54
30-Aug-21,7.54
27-Aug-21,7.54
26-Aug-21,7.54
25-Aug-21,7.56
24-Aug-21,7.55
23-Aug-21,7.55
20-Aug-21,7.56
17-Aug-21,7.56
16-Aug-21,7.56
13-Aug-21,7.54
12-Aug-21,7.57
11-Aug-21,7.6
10-Aug-21,7.6
9-Aug-21,7.6
6-Aug-21,7.59
5-Aug-21,7.6
4-Aug-21,7.6
3-Aug-21,7.6
2-Aug-21,7.6
30-Jul-21,7.59
29-Jul-21,7.6
28-Jul-21,7.6
27-Jul-21,7.61
26-Jul-21,7.6
23-Jul-21,7.59
19-Jul-21,7.6
16-Jul-21,7.6
15-Jul-21,7.61
14-Jul-21,7.65
13-Jul-21,7.65
12-Jul-21,7.65
9-Jul-21,7.66
8-Jul-21,7.66
7-Jul-21,7.65
6-Jul-21,7.66
5-Jul-21,7.67
2-Jul-21,7.67
30-Jun-21,7.69
29-Jun-21,7.68
28-Jun-21,7.68
25-Jun-21,7.69
24-Jun-21,7.69
23-Jun-21,7.69
22-Jun-21,7.69
21-Jun-21,7.69
18-Jun-21,7.7
17-Jun-21,7.69
16-Jun-21,7.7
15-Jun-21,7.7
14-Jun-21,7.7
11-Jun-21,7.7
10-Jun-21,7.7
9-Jun-21,7.7
8-Jun-21,7.69
7-Jun-21,7.7
4-Jun-21,7.7
3-Jun-21,7.7
2-Jun-21,7.7
1-Jun-21,7.71
31-May-21,7.72
28-May-21,7.72
27-May-21,7.72
26-May-21,7.72
25-May-21,7.72
24-May-21,7.7
21-May-21,7.7
20-May-21,7.69
19-May-21,7.65
18-May-21,7.64
17-May-21,7.62
7-May-21,7.62
6-May-21,7.62
5-May-21,7.66
4-May-21,7.65
3-May-21,7.65
30-Apr-21,7.64
29-Apr-21,7.64
28-Apr-21,7.64
27-Apr-21,7.65
26-Apr-21,7.66
23-Apr-21,7.68
22-Apr-21,7.71
21-Apr-21,7.79
20-Apr-21,7.78
19-Apr-21,7.77
16-Apr-21,7.77
15-Apr-21,7.8
13-Apr-21,7.83
12-Apr-21,7.85
9-Apr-21,7.84
8-Apr-21,7.84
7-Apr-21,7.85
6-Apr-21,7.87
5-Apr-21,7.87
2-Apr-21,7.88
1-Apr-21,7.88
31-Mar-21,7.88
30-Mar-21,7.88
29-Mar-21,7.89
26-Mar-21,7.88
25-Mar-21,7.87
24-Mar-21,7.77
22-Mar-21,7.78
19-Mar-21,7.84
18-Mar-21,7.87
17-Mar-21,7.89
16-Mar-21,7.88
15-Mar-21,7.88
12-Mar-21,7.89
11-Mar-21,7.87
10-Mar-21,7.66
9-Mar-21,7.66
8-Mar-21,7.66
5-Mar-21,7.65
4-Mar-21,7.65
3-Mar-21,7.64
2-Mar-21,7.65
1-Mar-21,7.65
26-Feb-21,7.65
25-Feb-21,7.63
24-Feb-21,7.57
23-Feb-21,7.56
22-Feb-21,7.56
19-Feb-21,7.57
18-Feb-21,7.58
17-Feb-21,7.57
16-Feb-21,7.57
15-Feb-21,7.57
12-Feb-21,7.57
11-Feb-21,7.57
10-Feb-21,7.56
9-Feb-21,7.56
8-Feb-21,7.56
4-Feb-21,7.57
3-Feb-21,7.56
2-Feb-21,7.56
1-Feb-21,7.57
29-Jan-21,7.56
28-Jan-21,7.53
27-Jan-21,7.35
26-Jan-21,7.35
25-Jan-21,7.36
22-Jan-21,7.35
21-Jan-21,7.36
20-Jan-21,7.36
19-Jan-21,7.36
18-Jan-21,7.35
15-Jan-21,7.36
14-Jan-21,7.35
13-Jan-21,7.35
12-Jan-21,7.35
11-Jan-21,7.35
8-Jan-21,7.36
7-Jan-21,7.37
6-Jan-21,7.35
5-Jan-21,7.35
4-Jan-21,7.35
31-Dec-20,7.35
30-Dec-20,7.35
29-Dec-20,7.35
28-Dec-20,7.35
24-Dec-20,7.35
23-Dec-20,7.35
22-Dec-20,7.35
21-Dec-20,7.35
19-Dec-20,7.35
18-Dec-20,7.35
17-Dec-20,7.35
16-Dec-20,7.35
15-Dec-20,7.35
14-Dec-20,7.35
11-Dec-20,7.35
10-Dec-20,7.35
9-Dec-20,7.35
8-Dec-20,7.35
7-Dec-20,7.34
4-Dec-20,7.35
3-Dec-20,7.35
2-Dec-20,7.34
1-Dec-20,7.34
30-Nov-20,7.35
27-Nov-20,7.35
26-Nov-20,7.35
25-Nov-20,7.35
24-Nov-20,7.35
23-Nov-20,7.35
20-Nov-20,7.35
19-Nov-20,7.35
18-Nov-20,7.35
17-Nov-20,7.35
16-Nov-20,7.35
13-Nov-20,7.35
12-Nov-20,7.35
11-Nov-20,7.35
10-Nov-20,7.35
9-Nov-20,7.35
6-Nov-20,7.35
5-Nov-20,7.35
4-Nov-20,7.35
3-Nov-20,7.35
2-Nov-20,7.35
29-Oct-20,7.35
28-Oct-20,7.35
27-Oct-20,7.35
26-Oct-20,7.35
23-Oct-20,7.34
22-Oct-20,7.35
21-Oct-20,7.37
20-Oct-20,7.35
19-Oct-20,7.34
16-Oct-20,7.35
15-Oct-20,7.35
14-Oct-20,7.34
13-Oct-20,7.35
12-Oct-20,7.35
9-Oct-20,7.35
8-Oct-20,7.33
7-Oct-20,7.3
6-Oct-20,7.3
5-Oct-20,7.3
2-Oct-20,7.29
1-Oct-20,7.29
30-Sep-20,7.3
29-Sep-20,7.3
28-Sep-20,7.3
25-Sep-20,7.29
24-Sep-20,7.29
23-Sep-20,7.29
22-Sep-20,7.27
21-Sep-20,7.29
18-Sep-20,7.3
17-Sep-20,7.29
16-Sep-20,7.28
15-Sep-20,7.29
14-Sep-20,7.3
11-Sep-20,7.3
10-Sep-20,7.3
9-Sep-20,7.31
8-Sep-20,7.3
7-Sep-20,7.28
4-Sep-20,7.27
3-Sep-20,7.26
2-Sep-20,7.26
1-Sep-20,7.25
31-Aug-20,7.25
28-Aug-20,7.24
27-Aug-20,7.24
26-Aug-20,7.19
25-Aug-20,7.18
24-Aug-20,7.18
21-Aug-20,7.18
20-Aug-20,7.19
19-Aug-20,7.21
18-Aug-20,7.21
17-Aug-20,7.21
13-Aug-20,7.23
12-Aug-20,7.23
11-Aug-20,7.21
10-Aug-20,7.21
7-Aug-20,7.18
6-Aug-20,7.21
5-Aug-20,7.21
4-Aug-20,7.17
3-Aug-20,7.12
30-Jul-20,7.09
29-Jul-20,7.03
28-Jul-20,7.02
27-Jul-20,6.95
24-Jul-20,6.69
23-Jul-20,6.66
22-Jul-20,6.66
21-Jul-20,6.66
20-Jul-20,6.65
17-Jul-20,6.62
16-Jul-20,6.61
15-Jul-20,6.6
14-Jul-20,6.63
13-Jul-20,6.7
10-Jul-20,6.78
9-Jul-20,6.81
8-Jul-20,6.87
7-Jul-20,6.88
6-Jul-20,6.88
3-Jul-20,6.88
2-Jul-20,6.95
30-Jun-20,7.24
29-Jun-20,7.22
26-Jun-20,7.22
25-Jun-20,7.69
24-Jun-20,7.7
23-Jun-20,7.68
22-Jun-20,7.68
19-Jun-20,7.67
18-Jun-20,7.65
17-Jun-20,7.87
16-Jun-20,7.93
15-Jun-20,7.94
12-Jun-20,7.95
11-Jun-20,7.95
10-Jun-20,7.96
9-Jun-20,7.96
8-Jun-20,7.97
5-Jun-20,7.97
4-Jun-20,7.97
3-Jun-20,7.94
2-Jun-20,7.89
1-Jun-20,7.89
29-May-20,7.88
28-May-20,7.9
21-May-20,7.89
20-May-20,8.12
19-May-20,8.12
18-May-20,8.09
15-May-20,8.14
14-May-20,8.16
13-May-20,8.13
12-May-20,8.12
11-May-20,8.1
8-May-20,8.02
7-May-20,7.97
6-May-20,7.72
5-May-20,7.69
4-May-20,7.7
30-Apr-20,7.69
29-Apr-20,7.71
28-Apr-20,7.73
24-Apr-20,7.71
23-Apr-20,7.77
22-Apr-20,8.25
21-Apr-20,8.5
20-Apr-20,8.65
17-Apr-20,8.73
16-Apr-20,10.03
15-Apr-20,10.14
14-Apr-20,10.15
13-Apr-20,10.14
10-Apr-20,10.14
9-Apr-20,10.21
8-Apr-20,10.66
7-Apr-20,10.92
6-Apr-20,10.99
3-Apr-20,11
2-Apr-20,11.03
1-Apr-20,11.08
31-Mar-20,11.16
30-Mar-20,11.25
27-Mar-20,11.25
26-Mar-20,11.25
25-Mar-20,11.25
24-Mar-20,12.34
20-Mar-20,12.34
19-Mar-20,12.37
18-Mar-20,12.49
17-Mar-20,12.09
16-Mar-20,12.31
13-Mar-20,12.55
12-Mar-20,12.54
11-Mar-20,12.56
10-Mar-20,12.55
9-Mar-20,12.49
6-Mar-20,13.04
5-Mar-20,13.25
4-Mar-20,13.3
3-Mar-20,13.35
2-Mar-20,13.38
28-Feb-20,13.45
27-Feb-20,13.47
26-Feb-20,13.49
25-Feb-20,13.49
24-Feb-20,13.49
21-Feb-20,13.48
20-Feb-20,13.49
19-Feb-20,13.49
18-Feb-20,13.49
17-Feb-20,13.5
14-Feb-20,13.49
13-Feb-20,13.49
12-Feb-20,13.5
11-Feb-20,13.51
10-Feb-20,13.5
7-Feb-20,13.51
6-Feb-20,13.48
4-Feb-20,13.46
3-Feb-20,13.44
31-Jan-20,13.44
30-Jan-20,13.44
29-Jan-20,13.45
28-Jan-20,13.46
27-Jan-20,13.46
24-Jan-20,13.47
23-Jan-20,13.48
22-Jan-20,13.49
21-Jan-20,13.49
20-Jan-20,13.49
17-Jan-20,13.49
16-Jan-20,13.49
15-Jan-20,13.5
14-Jan-20,13.5
13-Jan-20,13.5
10-Jan-20,13.5
9-Jan-20,13.5
8-Jan-20,13.5
7-Jan-20,13.51
6-Jan-20,13.5
3-Jan-20,13.49
2-Jan-20,13.49
31-Dec-19,13.49
30-Dec-19,13.48
27-Dec-19,13.48
26-Dec-19,13.48
24-Dec-19,13.47
23-Dec-19,13.46
20-Dec-19,13.45
19-Dec-19,13.46
18-Dec-19,13.49
17-Dec-19,13.49
16-Dec-19,13.49
13-Dec-19,13.49
12-Dec-19,13.49
11-Dec-19,13.5
10-Dec-19,13.49
9-Dec-19,13.49
6-Dec-19,13.5
5-Dec-19,13.5
4-Dec-19,13.58
3-Dec-19,13.62
2-Dec-19,13.61
29-Nov-19,13.61
28-Nov-19,13.6
27-Nov-19,13.6
26-Nov-19,13.58
25-Nov-19,13.56
22-Nov-19,13.55
21-Nov-19,13.55
20-Nov-19,13.53
19-Nov-19,13.52
18-Nov-19,13.53
15-Nov-19,13.53
14-Nov-19,13.53
13-Nov-19,13.52
12-Nov-19,13.53
11-Nov-19,13.52
8-Nov-19,13.41
7-Nov-19,13.38
6-Nov-19,13.32
5-Nov-19,13.34
4-Nov-19,13.33
1-Nov-19,13.33
31-Oct-19,13.33
30-Oct-19,13.34
29-Oct-19,13.34
28-Oct-19,13.34
25-Oct-19,13.33
24-Oct-19,13.35
23-Oct-19,13.52
22-Oct-19,13.52
21-Oct-19,13.52
18-Oct-19,13.54
17-Oct-19,13.58
16-Oct-19,13.59
15-Oct-19,13.62
14-Oct-19,13.63
11-Oct-19,13.64
10-Oct-19,13.67
9-Oct-19,13.9
8-Oct-19,13.9
7-Oct-19,13.9
4-Oct-19,13.9
3-Oct-19,13.9
2-Oct-19,13.9
1-Oct-19,13.9
30-Sep-19,13.9
27-Sep-19,13.9
26-Sep-19,13.9
25-Sep-19,13.9
24-Sep-19,13.9
23-Sep-19,13.9
20-Sep-19,13.91
19-Sep-19,13.91
18-Sep-19,13.93
17-Sep-19,13.93
16-Sep-19,13.92
13-Sep-19,13.92
12-Sep-19,13.96
11-Sep-19,14.04
6-Sep-19,14.04
5-Sep-19,14.04
4-Sep-19,14.08
3-Sep-19,14.08
2-Sep-19,14.08
30-Aug-19,14.08
29-Aug-19,14.08
28-Aug-19,14.08
27-Aug-19,14.09
26-Aug-19,14.09
23-Aug-19,14.08
22-Aug-19,14.08
21-Aug-19,14.08
20-Aug-19,14.08
19-Aug-19,14.08
17-Aug-19,14.08
16-Aug-19,14.08
9-Aug-19,14.08
8-Aug-19,14.08
7-Aug-19,14.07
6-Aug-19,14.05
5-Aug-19,14.03
2-Aug-19,14.03
1-Aug-19,14.02
31-Jul-19,14.01
30-Jul-19,14
29-Jul-19,14.01
26-Jul-19,14.01
25-Jul-19,14
24-Jul-19,14
23-Jul-19,13.97
22-Jul-19,13.97
19-Jul-19,13.98
18-Jul-19,13.94
17-Jul-19,13.74
16-Jul-19,13.23
15-Jul-19,13.19
12-Jul-19,13.15
11-Jul-19,13.14
10-Jul-19,13.15
9-Jul-19,13.14
8-Jul-19,13.13
5-Jul-19,13.13
4-Jul-19,13.12
3-Jul-19,13.12
2-Jul-19,13.13
28-Jun-19,13.11
27-Jun-19,13.1
26-Jun-19,13.12
25-Jun-19,13.09
24-Jun-19,13.08
21-Jun-19,13.06
20-Jun-19,13.05
19-Jun-19,13.05
18-Jun-19,13.05
17-Jun-19,13.06
14-Jun-19,13.05
13-Jun-19,13.05
12-Jun-19,13.04
11-Jun-19,13.03
10-Jun-19,13.03
3-Jun-19,13.03
31-May-19,13.01
30-May-19,13
29-May-19,12.99
28-May-19,12.98
27-May-19,12.98
24-May-19,12.95
23-May-19,12.95
22-May-19,12.73
21-May-19,12.67
20-May-19,12.22
17-May-19,12.07
16-May-19,11.84
15-May-19,11.82
14-May-19,11.76
13-May-19,11.62
10-May-19,11.53
9-May-19,11.44
8-May-19,11.3
6-May-19,11.26
3-May-19,11.24
2-May-19,11.24
30-Apr-19,11.25
29-Apr-19,11.25
26-Apr-19,11.24
25-Apr-19,11.25
24-Apr-19,11.25
23-Apr-19,11.26
22-Apr-19,11.25
19-Apr-19,11.26
18-Apr-19,11.25
17-Apr-19,11.25
16-Apr-19,11.26
15-Apr-19,11.26
12-Apr-19,11.25
11-Apr-19,11.26
10-Apr-19,11.27
9-Apr-19,11.23
8-Apr-19,11.25
5-Apr-19,11.25
4-Apr-19,11.25
3-Apr-19,11.24
2-Apr-19,11.23
1-Apr-19,11.2
29-Mar-19,11.1
28-Mar-19,11.08
27-Mar-19,11.05
26-Mar-19,11.01
25-Mar-19,10.98
22-Mar-19,10.9
21-Mar-19,10.88
20-Mar-19,10.86
19-Mar-19,10.86
18-Mar-19,10.85
15-Mar-19,10.83
14-Mar-19,10.84
13-Mar-19,10.84
12-Mar-19,10.84
11-Mar-19,10.85
8-Mar-19,10.85
7-Mar-19,10.84
6-Mar-19,10.84
5-Mar-19,10.84
4-Mar-19,10.85
1-Mar-19,10.84
28-Feb-19,10.84
27-Feb-19,10.85
26-Feb-19,10.86
25-Feb-19,10.85
22-Feb-19,10.86
21-Feb-19,10.85
20-Feb-19,10.86
19-Feb-19,10.84
18-Feb-19,10.84
15-Feb-19,10.85
14-Feb-19,10.84
13-Feb-19,10.86
12-Feb-19,10.86
11-Feb-19,10.85
8-Feb-19,10.86
7-Feb-19,10.85
6-Feb-19,10.86
4-Feb-19,10.86
1-Feb-19,10.87
31-Jan-19,10.75
30-Jan-19,10.75
29-Jan-19,10.75
28-Jan-19,10.75
25-Jan-19,10.75
24-Jan-19,10.76
23-Jan-19,10.75
22-Jan-19,10.75
21-Jan-19,10.75
18-Jan-19,10.76
17-Jan-19,10.76
16-Jan-19,10.76
15-Jan-19,10.76
14-Jan-19,10.76
11-Jan-19,10.76
10-Jan-19,10.76
9-Jan-19,10.76
8-Jan-19,10.77
7-Jan-19,10.77
4-Jan-19,10.78
3-Jan-19,10.79
2-Jan-19,10.8
31-Dec-18,10.8
28-Dec-18,10.79
27-Dec-18,10.78
26-Dec-18,10.74
24-Dec-18,10.72
21-Dec-18,10.72
20-Dec-18,10.71
19-Dec-18,10.69
18-Dec-18,10.68
17-Dec-18,10.67
14-Dec-18,10.66
13-Dec-18,10.64
12-Dec-18,10.63
11-Dec-18,10.61
10-Dec-18,10.61
7-Dec-18,10.57
6-Dec-18,10.55
5-Dec-18,10.54
4-Dec-18,10.53
3-Dec-18,10.52
30-Nov-18,10.02
29-Nov-18,9.97
28-Nov-18,9.95
27-Nov-18,9.92
26-Nov-18,9.92
23-Nov-18,9.92
22-Nov-18,9.93
20-Nov-18,9.9
19-Nov-18,9.91
16-Nov-18,9.9
15-Nov-18,9.9
14-Nov-18,9.89
13-Nov-18,9.89
12-Nov-18,9.89
9-Nov-18,9.89
8-Nov-18,9.86
7-Nov-18,9.83
6-Nov-18,9.8
5-Nov-18,9.77
2-Nov-18,9.62
1-Nov-18,9.59
31-Oct-18,9.59
30-Oct-18,9.6
29-Oct-18,9.6
26-Oct-18,9.59
25-Oct-18,9.6
24-Oct-18,9.59
23-Oct-18,9.69
22-Oct-18,9.75
19-Oct-18,9.73
18-Oct-18,9.72
17-Oct-18,9.76
16-Oct-18,9.7
15-Oct-18,9.62
12-Oct-18,9.57
11-Oct-18,9.47
10-Oct-18,9.31
9-Oct-18,9.1
8-Oct-18,9.02
5-Oct-18,9.01
4-Oct-18,9
3-Oct-18,9
2-Oct-18,8.98
1-Oct-18,8.98
28-Sep-18,8.59
27-Sep-18,8.53
26-Sep-18,8.5
25-Sep-18,8.45
24-Sep-18,8.27
19-Sep-18,8.2
18-Sep-18,8.24
17-Sep-18,8.17
14-Sep-18,8.18
13-Sep-18,8.17
12-Sep-18,8.15
11-Sep-18,8.16
10-Sep-18,8.13
7-Sep-18,8.1
6-Sep-18,8.09
5-Sep-18,8.07
4-Sep-18,8.07
3-Sep-18,8.06
31-Aug-18,8.05
30-Aug-18,8.06
29-Aug-18,8.06
28-Aug-18,8.06
27-Aug-18,8.05
24-Aug-18,8.05
20-Aug-18,8.05
17-Aug-18,8.05
16-Aug-18,8.05
15-Aug-18,8.06
13-Aug-18,8.05
10-Aug-18,8.05
9-Aug-18,8.05
8-Aug-18,8.04
7-Aug-18,8.04
6-Aug-18,8.03
3-Aug-18,8.03
2-Aug-18,8.03
1-Aug-18,8.02
31-Jul-18,8.02
30-Jul-18,8.03
27-Jul-18,8.02
26-Jul-18,8.03
24-Jul-18,8.03
23-Jul-18,8.02
20-Jul-18,8.03
19-Jul-18,8.03
18-Jul-18,8
17-Jul-18,7.99
16-Jul-18,8
13-Jul-18,7.24
12-Jul-18,7.07
11-Jul-18,7.06
10-Jul-18,7.06
9-Jul-18,7.06
6-Jul-18,7.06
5-Jul-18,7.04
4-Jul-18,7.03
3-Jul-18,7.04
29-Jun-18,7.04
28-Jun-18,7.03
27-Jun-18,7.03
26-Jun-18,7.03
25-Jun-18,7.02
22-Jun-18,7.02
21-Jun-18,7.02
20-Jun-18,7.02
19-Jun-18,7.01
14-Jun-18,7
13-Jun-18,6.98
12-Jun-18,6.97
11-Jun-18,6.96
8-Jun-18,6.94
7-Jun-18,6.93
6-Jun-18,6.89
5-Jun-18,6.9
4-Jun-18,6.9
1-Jun-18,6.9
31-May-18,6.89
30-May-18,6.89
29-May-18,6.91
28-May-18,6.91
25-May-18,6.56
24-May-18,6.56
23-May-18,6.54
22-May-18,6.53
21-May-18,6.53
18-May-18,6.51
16-May-18,6.51
15-May-18,6.51
14-May-18,6.51
11-May-18,6.51
10-May-18,6.51
9-May-18,6.51
8-May-18,6.52
7-May-18,6.51
4-May-18,6.51
3-May-18,6.52
2-May-18,6.52
30-Apr-18,6.51
27-Apr-18,6.52
26-Apr-18,6.51
25-Apr-18,6.52
24-Apr-18,6.52
23-Apr-18,6.52
20-Apr-18,6.52
19-Apr-18,6.51
18-Apr-18,6.51
17-Apr-18,6.5
16-Apr-18,6.5
13-Apr-18,6.49
12-Apr-18,6.49
11-Apr-18,6.5
10-Apr-18,6.49
9-Apr-18,6.49
6-Apr-18,6.5
5-Apr-18,6.49
4-Apr-18,6.5
3-Apr-18,6.5
2-Apr-18,6.51
30-Mar-18,6.61
29-Mar-18,6.62
28-Mar-18,6.59
27-Mar-18,6.56
26-Mar-18,6.56
22-Mar-18,6.53
21-Mar-18,6.52
20-Mar-18,6.53
19-Mar-18,6.49
16-Mar-18,6.48
15-Mar-18,6.48
14-Mar-18,6.47
13-Mar-18,6.46
12-Mar-18,6.46
9-Mar-18,6.47
8-Mar-18,6.48
7-Mar-18,6.47
6-Mar-18,6.47
5-Mar-18,6.47
2-Mar-18,6.47
1-Mar-18,6.46
28-Feb-18,6.46
27-Feb-18,6.46
26-Feb-18,6.45
23-Feb-18,6.45
22-Feb-18,6.44
21-Feb-18,6.44
20-Feb-18,6.43
19-Feb-18,6.43
16-Feb-18,6.42
15-Feb-18,6.42
14-Feb-18,6.42
13-Feb-18,6.43
12-Feb-18,6.44
9-Feb-18,6.43
8-Feb-18,6.43
7-Feb-18,6.43
6-Feb-18,6.43
2-Feb-18,6.43
1-Feb-18,6.44
31-Jan-18,6.43
30-Jan-18,6.42
29-Jan-18,6.39
26-Jan-18,6.2
25-Jan-18,6.21
24-Jan-18,6.2
23-Jan-18,6.21
22-Jan-18,6.21
19-Jan-18,6.2
18-Jan-18,6.2
17-Jan-18,6.2
16-Jan-18,6.2
15-Jan-18,6.2
12-Jan-18,6.2
11-Jan-18,6.21
10-Jan-18,6.21
9-Jan-18,6.21
8-Jan-18,6.21
5-Jan-18,6.2
4-Jan-18,6.21
3-Jan-18,6.21
2-Jan-18,6.21
29-Dec-17,6.21
28-Dec-17,6.21
27-Dec-17,6.21
26-Dec-17,6.21
22-Dec-17,6.21
21-Dec-17,6.21
20-Dec-17,6.21
19-Dec-17,6.21
18-Dec-17,6.21
15-Dec-17,6.2
14-Dec-17,6.2
13-Dec-17,6.21
12-Dec-17,6.2
11-Dec-17,6.21
8-Dec-17,6.2
7-Dec-17,6.2
6-Dec-17,6.2
5-Dec-17,6.2
4-Dec-17,6.2
30-Nov-17,6.19
29-Nov-17,6.19
28-Nov-17,6.2
27-Nov-17,6.18
24-Nov-17,6.19
23-Nov-17,6.18
22-Nov-17,6.19
21-Nov-17,6.17
20-Nov-17,6.19
17-Nov-17,6.19
16-Nov-17,6.18
15-Nov-17,6.17
14-Nov-17,6.16
13-Nov-17,6.17
10-Nov-17,6.17
9-Nov-17,6.17
8-Nov-17,6.16
7-Nov-17,6.16
6-Nov-17,6.17
3-Nov-17,6.17
2-Nov-17,6.17
1-Nov-17,6.16
31-Oct-17,6.17
30-Oct-17,6.16
27-Oct-17,6.17
26-Oct-17,6.17
25-Oct-17,6.17
24-Oct-17,6.17
23-Oct-17,6.17
20-Oct-17,6.16
19-Oct-17,6.17
18-Oct-17,6.17
17-Oct-17,6.18
16-Oct-17,6.17
13-Oct-17,6.17
12-Oct-17,6.17
11-Oct-17,6.16
10-Oct-17,6.17
9-Oct-17,6.16
6-Oct-17,6.17
5-Oct-17,6.17
4-Oct-17,6.16
3-Oct-17,6.17
2-Oct-17,6.17
29-Sep-17,6.16
28-Sep-17,6.17
27-Sep-17,6.17
26-Sep-17,6.17
25-Sep-17,6.16
22-Sep-17,6.17
21-Sep-17,6.17
20-Sep-17,6.17
19-Sep-17,6.17
18-Sep-17,6.16
15-Sep-17,6.16
14-Sep-17,6.16
13-Sep-17,6.16
12-Sep-17,6.16
11-Sep-17,6.15
8-Sep-17,6.15
7-Sep-17,6.16
6-Sep-17,6.15
5-Sep-17,6.15
31-Aug-17,6.15
30-Aug-17,6.15
29-Aug-17,6.15
28-Aug-17,6.15
25-Aug-17,6.15
24-Aug-17,6.15
23-Aug-17,6.14
22-Aug-17,6.15
21-Aug-17,6.15
18-Aug-17,6.15
17-Aug-17,6.16
16-Aug-17,6.15
15-Aug-17,6.15
11-Aug-17,6.16
10-Aug-17,6.15
9-Aug-17,6.15
8-Aug-17,6.15
7-Aug-17,6.15
4-Aug-17,6.15
3-Aug-17,6.15
2-Aug-17,6.15
1-Aug-17,6.15
31-Jul-17,6.15
28-Jul-17,6.14
27-Jul-17,6.14
26-Jul-17,6.14
25-Jul-17,6.14
24-Jul-17,6.14
21-Jul-17,6.14
20-Jul-17,6.14
19-Jul-17,6.14
18-Jul-17,6.15
17-Jul-17,6.15
14-Jul-17,6.14
13-Jul-17,6.15
12-Jul-17,6.15
11-Jul-17,6.14
10-Jul-17,6.15
7-Jul-17,6.14
6-Jul-17,6.16
5-Jul-17,6.14
4-Jul-17,6.15
30-Jun-17,6.15
29-Jun-17,6.14
23-Jun-17,6.14
22-Jun-17,6.14
21-Jun-17,6.15
20-Jun-17,6.16
19-Jun-17,6.16
16-Jun-17,6.16
15-Jun-17,6.15
14-Jun-17,6.15
13-Jun-17,6.17
12-Jun-17,6.16
9-Jun-17,6.16
8-Jun-17,6.16
7-Jun-17,6.16
6-Jun-17,6.15
5-Jun-17,6.15
2-Jun-17,6.16
1-Jun-17,6.16
31-May-17,6.16
30-May-17,6.15
26-May-17,6.15
25-May-17,6.15
24-May-17,6.14
23-May-17,6.14
22-May-17,6.15
19-May-17,6.15
18-May-17,6.14
17-May-17,6.14
16-May-17,6.15
15-May-17,6.14
12-May-17,6.15
11-May-17,6.16
10-May-17,6.16
9-May-17,6.17
8-May-17,6.16
5-May-17,6.15
4-May-17,6.15
3-May-17,6.17
2-May-17,6.16
28-Apr-17,6.17
27-Apr-17,6.16
26-Apr-17,6.17
25-Apr-17,6.16
24-Apr-17,6.16
21-Apr-17,6.16
20-Apr-17,6.16
19-Apr-17,6.15
18-Apr-17,6.16
17-Apr-17,6.17
14-Apr-17,6.16
13-Apr-17,6.17
12-Apr-17,6.17
11-Apr-17,6.17
10-Apr-17,6.16
7-Apr-17,6.17
6-Apr-17,6.17
5-Apr-17,6.16
4-Apr-17,6.16
3-Apr-17,6.15
31-Mar-17,6.16
30-Mar-17,6.14
29-Mar-17,6.13
28-Mar-17,6.13
27-Mar-17,6.13
24-Mar-17,6.13
22-Mar-17,6.12
21-Mar-17,6.13
20-Mar-17,6.13
17-Mar-17,6.12
16-Mar-17,6.13
15-Mar-17,6.12
14-Mar-17,6.12
13-Mar-17,6.13
10-Mar-17,6.12
9-Mar-17,6.13
8-Mar-17,6.12
7-Mar-17,6.11
6-Mar-17,6.12
3-Mar-17,6.12
2-Mar-17,6.12
1-Mar-17,6.12
28-Feb-17,6.12
27-Feb-17,6.12
24-Feb-17,6.12
23-Feb-17,6.13
22-Feb-17,6.12
21-Feb-17,6.14
20-Feb-17,6.13
17-Feb-17,6.14
16-Feb-17,6.13
15-Feb-17,6.13
14-Feb-17,6.14
13-Feb-17,6.13
10-Feb-17,6.14
9-Feb-17,6.13
8-Feb-17,6.12
7-Feb-17,6.13
6-Feb-17,6.14
3-Feb-17,6.13
2-Feb-17,6.13
1-Feb-17,6.11
31-Jan-17,6.12
30-Jan-17,6.11
27-Jan-17,6.12
26-Jan-17,6.12
25-Jan-17,6.11
24-Jan-17,6.11
23-Jan-17,6.11
20-Jan-17,6.11
19-Jan-17,6.11
18-Jan-17,6.12
17-Jan-17,6.11
16-Jan-17,6.11
13-Jan-17,6.12
12-Jan-17,6.13
11-Jan-17,6.13
10-Jan-17,6.13
9-Jan-17,6.13
6-Jan-17,6.14
5-Jan-17,6.13
4-Jan-17,6.14
3-Jan-17,6.15
30-Dec-16,6.15
29-Dec-16,6.15
28-Dec-16,6.15
27-Dec-16,6.15
26-Dec-16,6.15
23-Dec-16,6.14
22-Dec-16,6.15
21-Dec-16,6.15
20-Dec-16,6.14
19-Dec-16,6.14
16-Dec-16,6.15
15-Dec-16,6.15
14-Dec-16,6.14
13-Dec-16,6.13
9-Dec-16,6.14
8-Dec-16,6.13
7-Dec-16,6.12
6-Dec-16,6.13
5-Dec-16,6.13
2-Dec-16,6.12
1-Dec-16,6.12
30-Nov-16,6.12
29-Nov-16,6.11
28-Nov-16,6.12
25-Nov-16,6.1
24-Nov-16,6.11
23-Nov-16,6.11
22-Nov-16,6.11
21-Nov-16,6.1
18-Nov-16,6.13
17-Nov-16,6.09
16-Nov-16,6.1
15-Nov-16,6.08
14-Nov-16,6.07
11-Nov-16,6.07
10-Nov-16,6.07
9-Nov-16,6.06
8-Nov-16,6.06
7-Nov-16,6.05
4-Nov-16,6.06
3-Nov-16,6.06
2-Nov-16,6.06
1-Nov-16,6.06
31-Oct-16,6.05
28-Oct-16,6.05
27-Oct-16,6.06
26-Oct-16,6.06
25-Oct-16,6.06
24-Oct-16,6.06
21-Oct-16,6.05
20-Oct-16,6.06
19-Oct-16,6.05
18-Oct-16,6.05
17-Oct-16,6.04
14-Oct-16,6.06
13-Oct-16,6.06
10-Oct-16,6.05
7-Oct-16,6.05
6-Oct-16,6.05
5-Oct-16,6.05
4-Oct-16,6.04
3-Oct-16,6.05
30-Sep-16,6.06
29-Sep-16,6.06
28-Sep-16,6.07
27-Sep-16,6.06
26-Sep-16,6.05
23-Sep-16,6.06
22-Sep-16,6.04
21-Sep-16,6.04
20-Sep-16,6.05
19-Sep-16,6.06
16-Sep-16,6.05
15-Sep-16,6.06
9-Sep-16,6.05
8-Sep-16,6.05
7-Sep-16,6.05
6-Sep-16,6.04
5-Sep-16,6.04
2-Sep-16,6.03
1-Sep-16,6.03
31-Aug-16,6.04
30-Aug-16,6.03
29-Aug-16,6.04
26-Aug-16,6.04
25-Aug-16,6.03
24-Aug-16,6.04
23-Aug-16,6.04
22-Aug-16,6.05
19-Aug-16,6.03
18-Aug-16,6.03
17-Aug-16,6.02
16-Aug-16,6.01
15-Aug-16,6.02
12-Aug-16,6.03
11-Aug-16,6.02
10-Aug-16,6.02
9-Aug-16,6.02
8-Aug-16,6.02
5-Aug-16,6.02
4-Aug-16,6.02
3-Aug-16,6
2-Aug-16,5.99
1-Aug-16,5.99
29-Jul-16,5.98
28-Jul-16,5.97
27-Jul-16,5.98
26-Jul-16,5.97
25-Jul-16,5.99
22-Jul-16,6
21-Jul-16,6
20-Jul-16,6.01
19-Jul-16,6.04
18-Jul-16,6.03
15-Jul-16,6.04
14-Jul-16,6.06
13-Jul-16,6.07
12-Jul-16,6.07
11-Jul-16,6.06
4-Jul-16,6.06
30-Jun-16,6.06
29-Jun-16,6.08
28-Jun-16,6.09
27-Jun-16,6.1
24-Jun-16,6.09
23-Jun-16,6.1
22-Jun-16,6.1
21-Jun-16,6.1
20-Jun-16,6.12
17-Jun-16,6.11
16-Jun-16,6.12
15-Jun-16,6.12
14-Jun-16,6.13
13-Jun-16,6.12
10-Jun-16,6.12
9-Jun-16,6.13
8-Jun-16,6.13
6-Jun-16,6.14
3-Jun-16,6.14
2-Jun-16,6.14
1-Jun-16,6.14
31-May-16,6.14
30-May-16,6.15
27-May-16,6.15
26-May-16,6.14
25-May-16,6.17
24-May-16,6.17
23-May-16,6.18
20-May-16,6.39
19-May-16,6.4
18-May-16,6.41
17-May-16,6.4
16-May-16,6.41
13-May-16,6.39
12-May-16,6.38
11-May-16,6.35
10-May-16,6.36
9-May-16,6.36
6-May-16,6.37
5-May-16,6.36
4-May-16,6.36
3-May-16,6.36
2-May-16,6.36
29-Apr-16,6.36
28-Apr-16,6.36
27-Apr-16,6.37
26-Apr-16,6.37
25-Apr-16,6.36
22-Apr-16,6.37
21-Apr-16,6.37
20-Apr-16,6.35
19-Apr-16,6.35
18-Apr-16,6.36
15-Apr-16,6.36
14-Apr-16,6.36
13-Apr-16,6.37
12-Apr-16,6.36
11-Apr-16,6.36
8-Apr-16,6.35
7-Apr-16,6.36
6-Apr-16,6.36
5-Apr-16,6.37
4-Apr-16,6.37
1-Apr-16,6.36
31-Mar-16,6.36
30-Mar-16,6.37
29-Mar-16,6.36
28-Mar-16,6.36
25-Mar-16,6.36
24-Mar-16,6.36
22-Mar-16,6.35
21-Mar-16,6.36
18-Mar-16,6.35
17-Mar-16,6.36
16-Mar-16,6.35
15-Mar-16,6.36
14-Mar-16,6.36
11-Mar-16,6.36
10-Mar-16,6.35
9-Mar-16,6.36
8-Mar-16,6.36
7-Mar-16,6.35
4-Mar-16,6.36
3-Mar-16,6.35
2-Mar-16,6.35
1-Mar-16,6.35
29-Feb-16,6.36
26-Feb-16,6.35
25-Feb-16,6.36
24-Feb-16,6.36
23-Feb-16,6.35
22-Feb-16,6.35
19-Feb-16,6.36
18-Feb-16,6.36
17-Feb-16,6.36
16-Feb-16,6.37
15-Feb-16,6.36
12-Feb-16,6.36
11-Feb-16,6.36
10-Feb-16,6.36
9-Feb-16,6.36
8-Feb-16,6.37
4-Feb-16,6.37
3-Feb-16,6.38
2-Feb-16,6.37
1-Feb-16,6.38
29-Jan-16,6.35
28-Jan-16,6.36
27-Jan-16,6.38
26-Jan-16,6.37
25-Jan-16,6.38
22-Jan-16,6.37
21-Jan-16,6.36
20-Jan-16,6.36
19-Jan-16,6.39
18-Jan-16,6.41
15-Jan-16,6.4
14-Jan-16,6.41
13-Jan-16,6.43
12-Jan-16,6.44
11-Jan-16,6.47
8-Jan-16,6.46
7-Jan-16,6.48
6-Jan-16,6.48
5-Jan-16,6.5
4-Jan-16,6.51
31-Dec-15,6.51
30-Dec-15,6.52
29-Dec-15,6.51
28-Dec-15,6.51
23-Dec-15,6.52
22-Dec-15,6.53
21-Dec-15,6.52
18-Dec-15,6.52
17-Dec-15,6.53
16-Dec-15,6.52
15-Dec-15,6.53
14-Dec-15,6.52
11-Dec-15,6.53
10-Dec-15,6.53
9-Dec-15,6.54
8-Dec-15,6.54
7-Dec-15,6.52
4-Dec-15,6.53
3-Dec-15,6.53
2-Dec-15,6.53
1-Dec-15,6.53
30-Nov-15,6.53
27-Nov-15,6.53
26-Nov-15,6.52
25-Nov-15,6.53
24-Nov-15,6.52
23-Nov-15,6.51
20-Nov-15,6.41
19-Nov-15,6.41
18-Nov-15,6.43
17-Nov-15,6.42
16-Nov-15,6.41
13-Nov-15,6.42
12-Nov-15,6.42
11-Nov-15,6.41
10-Nov-15,6.44
9-Nov-15,6.46
6-Nov-15,6.45
5-Nov-15,6.44
4-Nov-15,6.43
3-Nov-15,6.44
2-Nov-15,6.48
30-Oct-15,6.47
29-Oct-15,6.49
28-Oct-15,6.55
27-Oct-15,6.57
26-Oct-15,6.56
22-Oct-15,6.57
21-Oct-15,6.58
20-Oct-15,6.58
19-Oct-15,6.59
16-Oct-15,6.62
15-Oct-15,6.59
14-Oct-15,6.59
13-Oct-15,6.59
12-Oct-15,6.62
9-Oct-15,6.62
8-Oct-15,6.61
7-Oct-15,6.61
6-Oct-15,6.61
5-Oct-15,6.62
2-Oct-15,6.62
1-Oct-15,6.62
30-Sep-15,6.62
29-Sep-15,6.61
28-Sep-15,6.61
23-Sep-15,6.6
22-Sep-15,6.6
21-Sep-15,6.61
18-Sep-15,6.61
17-Sep-15,6.61
16-Sep-15,6.62
15-Sep-15,6.59
14-Sep-15,6.58
11-Sep-15,7.04
10-Sep-15,7.05
9-Sep-15,7.05
8-Sep-15,7.06
7-Sep-15,7.06
4-Sep-15,7.05
3-Sep-15,7.07
2-Sep-15,7.08
1-Sep-15,7.07
31-Aug-15,7.08
28-Aug-15,7.07
27-Aug-15,7.07
26-Aug-15,7.06
25-Aug-15,7.07
24-Aug-15,7.08
21-Aug-15,7.07
20-Aug-15,7.07
19-Aug-15,7.06
18-Aug-15,7.05
17-Aug-15,7.04
13-Aug-15,7.04
12-Aug-15,7.04
11-Aug-15,7.07
10-Aug-15,7.07
7-Aug-15,7.07
6-Aug-15,7.08
5-Aug-15,7.04
4-Aug-15,7.02
3-Aug-15,7.04
31-Jul-15,7.04
30-Jul-15,7.04
29-Jul-15,7.06
28-Jul-15,7.05
27-Jul-15,7.04
24-Jul-15,7.03
23-Jul-15,7.06
22-Jul-15,7.04
16-Jul-15,7.05
15-Jul-15,7.05
14-Jul-15,7.06
13-Jul-15,7.04
10-Jul-15,7.03
9-Jul-15,7.05
8-Jul-15,7.03
7-Jul-15,7.04
6-Jul-15,7.04
3-Jul-15,7.03
2-Jul-15,7.05
30-Jun-15,7.04
29-Jun-15,7.01
26-Jun-15,6.98
25-Jun-15,7.04
24-Jun-15,6.94
23-Jun-15,6.96
22-Jun-15,6.93
18-Jun-15,6.93
17-Jun-15,6.88
16-Jun-15,6.88
15-Jun-15,6.86
12-Jun-15,6.88
11-Jun-15,6.87
10-Jun-15,6.84
9-Jun-15,6.83
8-Jun-15,6.82
5-Jun-15,6.81
4-Jun-15,6.78
3-Jun-15,6.78
2-Jun-15,6.76
1-Jun-15,6.76
29-May-15,6.76
28-May-15,6.78
27-May-15,6.78
26-May-15,6.79
25-May-15,6.8
22-May-15,7.08
21-May-15,7.06
20-May-15,7.02
19-May-15,7.02
18-May-15,7.03
15-May-15,7.03
14-May-15,7.02
13-May-15,7.12
12-May-15,7.16
11-May-15,7.18
8-May-15,7.16
7-May-15,7.2
6-May-15,7.24
5-May-15,7.21
4-May-15,7.31
30-Apr-15,7.39
29-Apr-15,7.64
28-Apr-15,7.72
27-Apr-15,7.74
24-Apr-15,7.78
23-Apr-15,7.77
22-Apr-15,7.78
21-Apr-15,7.81
20-Apr-15,7.86
17-Apr-15,7.86
16-Apr-15,7.95
15-Apr-15,7.99
14-Apr-15,8
13-Apr-15,7.99
10-Apr-15,8.01
9-Apr-15,7.99
8-Apr-15,8.01
7-Apr-15,8
6-Apr-15,7.99
3-Apr-15,7.99
2-Apr-15,8
1-Apr-15,7.99
31-Mar-15,7.98
30-Mar-15,7.98
27-Mar-15,7.95
26-Mar-15,7.94
25-Mar-15,7.96
24-Mar-15,7.93
20-Mar-15,8.12
19-Mar-15,8.14
18-Mar-15,8.18
17-Mar-15,8.24
16-Mar-15,8.25
13-Mar-15,8.21
12-Mar-15,8.27
11-Mar-15,8.28
10-Mar-15,8.26
9-Mar-15,8.26
6-Mar-15,8.26
5-Mar-15,8.31
4-Mar-15,8.33
3-Mar-15,8.43
2-Mar-15,8.45
27-Feb-15,8.44
26-Feb-15,8.44
25-Feb-15,8.47
24-Feb-15,8.49
23-Feb-15,8.48
20-Feb-15,8.47
19-Feb-15,8.47
18-Feb-15,8.49
17-Feb-15,8.49
16-Feb-15,8.49
13-Feb-15,8.51
12-Feb-15,8.49
11-Feb-15,8.5
10-Feb-15,8.52
9-Feb-15,8.52
6-Feb-15,8.53
4-Feb-15,8.51
3-Feb-15,8.52
2-Feb-15,8.54
30-Jan-15,8.58
29-Jan-15,8.58
28-Jan-15,8.62
27-Jan-15,8.63
26-Jan-15,8.6
23-Jan-15,9.07
22-Jan-15,9.11
21-Jan-15,9.25
20-Jan-15,9.23
19-Jan-15,9.27
16-Jan-15,9.29
15-Jan-15,9.31
14-Jan-15,9.32
13-Jan-15,9.33
12-Jan-15,9.38
9-Jan-15,9.41
8-Jan-15,9.46
7-Jan-15,9.55
6-Jan-15,9.55
5-Jan-15,9.56
2-Jan-15,9.61
31-Dec-14,9.63
30-Dec-14,9.64
29-Dec-14,9.63
26-Dec-14,9.64
24-Dec-14,9.64
23-Dec-14,9.65
22-Dec-14,9.66
19-Dec-14,9.67
18-Dec-14,9.66
17-Dec-14,9.65
16-Dec-14,9.66
15-Dec-14,9.66
12-Dec-14,9.67
11-Dec-14,9.66
10-Dec-14,9.64
9-Dec-14,9.66
8-Dec-14,9.64
5-Dec-14,9.65
4-Dec-14,9.64
3-Dec-14,9.68
2-Dec-14,9.66
1-Dec-14,9.66
28-Nov-14,9.67
27-Nov-14,9.67
26-Nov-14,9.64
25-Nov-14,9.67
24-Nov-14,9.64
21-Nov-14,9.64
20-Nov-14,9.66
19-Nov-14,9.65
18-Nov-14,9.64
17-Nov-14,9.62
14-Nov-14,10.06
13-Nov-14,10.13
12-Nov-14,10.09
11-Nov-14,10.09
10-Nov-14,10.12
7-Nov-14,10.12
6-Nov-14,10.15
5-Nov-14,10.16
31-Oct-14,10.16
30-Oct-14,10.18
29-Oct-14,10.18
28-Oct-14,10.18
27-Oct-14,10.19
24-Oct-14,10.19
23-Oct-14,10.21
22-Oct-14,10.19
21-Oct-14,10.19
20-Oct-14,10.18
17-Oct-14,10.19
16-Oct-14,10.2
15-Oct-14,10.2
14-Oct-14,10.19
13-Oct-14,10.19
10-Oct-14,10.19
9-Oct-14,10.19
3-Oct-14,10.19
2-Oct-14,10.19
1-Oct-14,10.21
30-Sep-14,10.19
29-Sep-14,10.19
26-Sep-14,10.18
25-Sep-14,10.17
24-Sep-14,10.19
23-Sep-14,10.17
22-Sep-14,10.18
19-Sep-14,10.18
18-Sep-14,10.2
17-Sep-14,10.22
16-Sep-14,10.2
15-Sep-14,10.18
12-Sep-14,10.18
11-Sep-14,10.19
10-Sep-14,10.18
9-Sep-14,10.18
8-Sep-14,10.17
5-Sep-14,10.18
4-Sep-14,10.19
3-Sep-14,10.16
2-Sep-14,10.18
1-Sep-14,10.18
29-Aug-14,10.18
28-Aug-14,10.16
27-Aug-14,10.19
26-Aug-14,10.19
25-Aug-14,10.18
22-Aug-14,10.18
21-Aug-14,10.18
20-Aug-14,10.17
19-Aug-14,10.18
18-Aug-14,10.17
15-Aug-14,10.17
13-Aug-14,10.18
12-Aug-14,10.17
11-Aug-14,10.18
8-Aug-14,10.16
7-Aug-14,10.17
6-Aug-14,10.17
5-Aug-14,10.17
4-Aug-14,10.19
28-Jul-14,10.17
25-Jul-14,10.18
24-Jul-14,10.17
23-Jul-14,10.17
22-Jul-14,10.18
21-Jul-14,10.17
18-Jul-14,10.17
17-Jul-14,10.17
16-Jul-14,10.17
15-Jul-14,10.18
14-Jul-14,10.16
11-Jul-14,10.17
10-Jul-14,10.18
9-Jul-14,10.17
8-Jul-14,10.18
7-Jul-14,10.18
4-Jul-14,10.18
3-Jul-14,10.18
2-Jul-14,10.18
30-Jun-14,10.17
27-Jun-14,10.17
26-Jun-14,10.17
25-Jun-14,10.18
24-Jun-14,10.17
23-Jun-14,10.17
20-Jun-14,10.17
19-Jun-14,10.17
18-Jun-14,10.17
17-Jun-14,10.17
16-Jun-14,10.16
13-Jun-14,10.18
12-Jun-14,10.17
11-Jun-14,10.16
10-Jun-14,10.18
9-Jun-14,10.17
6-Jun-14,10.16
5-Jun-14,10.17
4-Jun-14,10.17
3-Jun-14,10.15
2-Jun-14,10.18
30-May-14,10.17
29-May-14,10.17
28-May-14,10.17
27-May-14,10.17
26-May-14,10.18
23-May-14,10.21
22-May-14,10.18
21-May-14,10.17
20-May-14,10.17
19-May-14,10.17
16-May-14,10.14
15-May-14,10.17
14-May-14,10.17
13-May-14,10.17
12-May-14,10.17
9-May-14,10.16
8-May-14,10.18
7-May-14,10.18
6-May-14,10.18
5-May-14,10.18
2-May-14,10.18
30-Apr-14,10.19
29-Apr-14,10.17
28-Apr-14,10.18
25-Apr-14,10.18
24-Apr-14,10.19
23-Apr-14,10.18
22-Apr-14,10.18
21-Apr-14,10.19
18-Apr-14,10.17
17-Apr-14,10.17
16-Apr-14,10.18
15-Apr-14,10.19
14-Apr-14,10.18
11-Apr-14,10.19
10-Apr-14,10.2
9-Apr-14,10.19
8-Apr-14,10.17
7-Apr-14,10.18
4-Apr-14,10.18
3-Apr-14,10.17
2-Apr-14,10.17
1-Apr-14,10.18
31-Mar-14,10.18
28-Mar-14,10.18
27-Mar-14,10.16
26-Mar-14,10.14
25-Mar-14,10.11
24-Mar-14,10.09
21-Mar-14,10.08
20-Mar-14,10.09
19-Mar-14,10.1
18-Mar-14,10.09
17-Mar-14,10.08
14-Mar-14,9.94
13-Mar-14,9.96
12-Mar-14,10.1
11-Mar-14,10.15
10-Mar-14,10.14
7-Mar-14,10.14
6-Mar-14,10.14
5-Mar-14,10.15
4-Mar-14,10.16
3-Mar-14,10.16
28-Feb-14,10.17
27-Feb-14,10.14
26-Feb-14,10.13
25-Feb-14,10.11
24-Feb-14,10.12
21-Feb-14,10.12
20-Feb-14,10.13
19-Feb-14,10.16
18-Feb-14,10.15
17-Feb-14,10.15
14-Feb-14,10.14
13-Feb-14,10.16
12-Feb-14,10.16
11-Feb-14,10.16
10-Feb-14,10.16
7-Feb-14,10.17
6-Feb-14,10.18
4-Feb-14,10.18
3-Feb-14,10.19
31-Jan-14,10.19
30-Jan-14,10.19
29-Jan-14,10.15
28-Jan-14,10.15
27-Jan-14,10.15
24-Jan-14,10.14
23-Jan-14,10.15
22-Jan-14,10.13
21-Jan-14,10.14
20-Jan-14,10.14
17-Jan-14,10.14
16-Jan-14,10.14
15-Jan-14,10.15
13-Jan-14,10.14
10-Jan-14,10.17
9-Jan-14,10.15
8-Jan-14,10.14
7-Jan-14,10.14
6-Jan-14,10.12
3-Jan-14,10.11
2-Jan-14,10.11
31-Dec-13,10.15
30-Dec-13,10.16
27-Dec-13,10.14
26-Dec-13,10.15
24-Dec-13,10.14
23-Dec-13,10.14
20-Dec-13,10.16
19-Dec-13,10.15
18-Dec-13,10.14
17-Dec-13,10.15
16-Dec-13,10.15
13-Dec-13,10.15
12-Dec-13,10.14
11-Dec-13,10.12
10-Dec-13,10.12
9-Dec-13,10.12
6-Dec-13,10.12
5-Dec-13,10.12
4-Dec-13,10.12
3-Dec-13,10.11
2-Dec-13,10.1
29-Nov-13,10.08
28-Nov-13,10.03
27-Nov-13,9.97
26-Nov-13,9.95
25-Nov-13,9.92
22-Nov-13,9.89
21-Nov-13,9.87
20-Nov-13,9.88
19-Nov-13,9.91
18-Nov-13,9.9
13-Nov-13,9.7
12-Nov-13,9.61
11-Nov-13,9.61
8-Nov-13,9.59
7-Nov-13,9.59
6-Nov-13,9.58
5-Nov-13,9.58
4-Nov-13,9.58
1-Nov-13,9.57
31-Oct-13,9.57
30-Oct-13,9.57
29-Oct-13,9.57
28-Oct-13,9.55
25-Oct-13,9.53
24-Oct-13,9.57
23-Oct-13,9.58
22-Oct-13,9.58
21-Oct-13,9.57
14-Oct-13,9.55
11-Oct-13,9.56
10-Oct-13,9.55
9-Oct-13,9.54
8-Oct-13,9.54
7-Oct-13,9.52
4-Oct-13,9.52
3-Oct-13,9.52
2-Oct-13,9.52
1-Oct-13,9.52
30-Sep-13,9.51
27-Sep-13,9.48
26-Sep-13,9.48
25-Sep-13,9.49
24-Sep-13,9.49
23-Sep-13,9.48
20-Sep-13,9.46
19-Sep-13,9.51
18-Sep-13,9.45
17-Sep-13,9.44
16-Sep-13,9.43
13-Sep-13,9.03
12-Sep-13,9.04
11-Sep-13,9.03
10-Sep-13,8.99
9-Sep-13,9.04
6-Sep-13,9.02
5-Sep-13,9.14
4-Sep-13,9.14
3-Sep-13,9.13
2-Sep-13,9.15
30-Aug-13,9.15
29-Aug-13,9.17
28-Aug-13,9.15
27-Aug-13,9.15
26-Aug-13,9.19
23-Aug-13,9.22
22-Aug-13,9.17
21-Aug-13,9.14
20-Aug-13,9.11
19-Aug-13,9.11
16-Aug-13,9.1
15-Aug-13,9.1
13-Aug-13,9.09
12-Aug-13,9.06
7-Aug-13,9.09
6-Aug-13,9.09
5-Aug-13,9.09
2-Aug-13,9.08
1-Aug-13,9.08
31-Jul-13,9.08
30-Jul-13,9.08
29-Jul-13,9.08
26-Jul-13,9.07
25-Jul-13,9.08
24-Jul-13,9.07
23-Jul-13,9.08
22-Jul-13,9.08
19-Jul-13,9.1
18-Jul-13,9.09
17-Jul-13,9.07
16-Jul-13,9.08
15-Jul-13,9.08
12-Jul-13,9.08
10-Jul-13,9.09
9-Jul-13,9.08
8-Jul-13,9.07
5-Jul-13,9.08
4-Jul-13,9.07
3-Jul-13,9.06
2-Jul-13,9.06
28-Jun-13,9.09
27-Jun-13,9.09
26-Jun-13,9.11
25-Jun-13,9.12
24-Jun-13,9.12
21-Jun-13,9.44
20-Jun-13,9.47
19-Jun-13,9.46
18-Jun-13,9.44
17-Jun-13,9.49
14-Jun-13,9.51
13-Jun-13,9.49
12-Jun-13,9.46
11-Jun-13,9.48
10-Jun-13,9.48
7-Jun-13,9.49
6-Jun-13,9.52
5-Jun-13,9.47
4-Jun-13,9.53
3-Jun-13,9.58
31-May-13,9.58
30-May-13,9.62
29-May-13,9.59
28-May-13,9.59
27-May-13,9.6
24-May-13,9.62
23-May-13,9.61
22-May-13,9.61
21-May-13,9.6
20-May-13,9.6
17-May-13,9.59
16-May-13,9.59
15-May-13,9.59
14-May-13,9.59
13-May-13,9.59
10-May-13,9.58
9-May-13,9.59
8-May-13,9.58
7-May-13,9.58
6-May-13,9.61
3-May-13,9.61
2-May-13,9.6
30-Apr-13,9.58
29-Apr-13,9.58
26-Apr-13,9.62
25-Apr-13,9.62
24-Apr-13,9.61
23-Apr-13,9.62
22-Apr-13,9.61
19-Apr-13,9.58
18-Apr-13,9.57
17-Apr-13,9.59
16-Apr-13,9.59
15-Apr-13,9.58
12-Apr-13,9.58
11-Apr-13,9.57
10-Apr-13,9.57
9-Apr-13,9.57
8-Apr-13,9.56
5-Apr-13,9.57
4-Apr-13,9.57
3-Apr-13,9.54
2-Apr-13,9.56
1-Apr-13,9.57
29-Mar-13,9.58
28-Mar-13,9.56
27-Mar-13,9.57
26-Mar-13,9.56
25-Mar-13,9.57
22-Mar-13,9.57
21-Mar-13,9.56
20-Mar-13,9.55
19-Mar-13,9.55
18-Mar-13,9.55
16-Mar-13,9.55
15-Mar-13,9.55
14-Mar-13,9.56
13-Mar-13,9.56
12-Mar-13,9.55
11-Mar-13,9.54
8-Mar-13,9.53
7-Mar-13,9.53
6-Mar-13,9.49
5-Mar-13,9.5
4-Mar-13,9.49
1-Mar-13,9.49
28-Feb-13,9.49
27-Feb-13,9.48
26-Feb-13,9.49
25-Feb-13,9.5
22-Feb-13,9.51
21-Feb-13,9.48
20-Feb-13,9.45
19-Feb-13,9.44
18-Feb-13,9.44
15-Feb-13,9.46
14-Feb-13,9.46
13-Feb-13,9.45
12-Feb-13,9.43
11-Feb-13,9.37
8-Feb-13,9.35
7-Feb-13,9.34
6-Feb-13,9.33
4-Feb-13,9.33
1-Feb-13,9.33
31-Jan-13,9.34
30-Jan-13,9.33
29-Jan-13,9.35
28-Jan-13,9.34
24-Jan-13,9.33
23-Jan-13,9.35
22-Jan-13,9.35
21-Jan-13,9.35
18-Jan-13,9.36
17-Jan-13,9.35
16-Jan-13,9.35
15-Jan-13,9.36
14-Jan-13,9.36
11-Jan-13,9.35
10-Jan-13,9.38
9-Jan-13,9.39
8-Jan-13,9.39
7-Jan-13,9.38
4-Jan-13,9.37
3-Jan-13,9.37
2-Jan-13,9.36
31-Dec-12,9.38
28-Dec-12,9.42
27-Dec-12,9.42
26-Dec-12,9.45
24-Dec-12,9.43
21-Dec-12,9.44
20-Dec-12,9.41
19-Dec-12,9.41
18-Dec-12,9.4
17-Dec-12,9.39
14-Dec-12,9.47
13-Dec-12,9.47
12-Dec-12,9.49
11-Dec-12,9.49
10-Dec-12,9.5
7-Dec-12,9.5
6-Dec-12,9.51
5-Dec-12,9.48
4-Dec-12,9.49
3-Dec-12,9.51
30-Nov-12,9.54
29-Nov-12,9.53
28-Nov-12,9.51
27-Nov-12,9.5
26-Nov-12,9.51
23-Nov-12,9.54
22-Nov-12,9.52
21-Nov-12,9.51
20-Nov-12,9.51
19-Nov-12,9.49
16-Nov-12,9.49
15-Nov-12,9.5
14-Nov-12,9.44
13-Nov-12,9.42
12-Nov-12,9.35
8-Nov-12,9.32
7-Nov-12,9.29
6-Nov-12,9.31
5-Nov-12,9.36
2-Nov-12,9.35
1-Nov-12,9.36
31-Oct-12,9.51
30-Oct-12,9.57
25-Oct-12,9.6
24-Oct-12,9.64
23-Oct-12,9.78
22-Oct-12,9.79
19-Oct-12,9.76
18-Oct-12,9.8
17-Oct-12,9.85
16-Oct-12,9.85
15-Oct-12,9.86
12-Oct-12,9.89
11-Oct-12,9.9
10-Oct-12,9.9
9-Oct-12,9.95
8-Oct-12,9.94
5-Oct-12,9.85
4-Oct-12,9.8
3-Oct-12,10.03
2-Oct-12,10.11
1-Oct-12,10.2
28-Sep-12,10.22
27-Sep-12,10.24
26-Sep-12,10.29
25-Sep-12,10.3
24-Sep-12,10.3
20-Sep-12,10.35
19-Sep-12,10.42
18-Sep-12,10.43
17-Sep-12,10.44
14-Sep-12,10.45
13-Sep-12,10.44
12-Sep-12,10.45
11-Sep-12,10.44
10-Sep-12,10.43
7-Sep-12,10.43
6-Sep-12,10.42
5-Sep-12,10.46
4-Sep-12,10.44
3-Sep-12,10.46
31-Aug-12,10.51
30-Aug-12,10.51
29-Aug-12,10.51
28-Aug-12,10.52
27-Aug-12,10.53
24-Aug-12,10.54
23-Aug-12,10.54
17-Aug-12,10.54
16-Aug-12,10.55
15-Aug-12,10.58
13-Aug-12,10.57
10-Aug-12,11.69
9-Aug-12,11.7
8-Aug-12,11.66
7-Aug-12,11.7
6-Aug-12,11.7
3-Aug-12,11.74
2-Aug-12,11.83
1-Aug-12,12
31-Jul-12,12
30-Jul-12,11.99
27-Jul-12,12.01
26-Jul-12,12
25-Jul-12,11.99
24-Jul-12,11.99
20-Jul-12,11.99
19-Jul-12,11.99
18-Jul-12,12.03
17-Jul-12,12.01
16-Jul-12,12.03
13-Jul-12,12.03
12-Jul-12,12.02
11-Jul-12,12.03
10-Jul-12,12.04
9-Jul-12,12.02
6-Jul-12,12.04
5-Jul-12,12.03
4-Jul-12,12.01
3-Jul-12,12
29-Jun-12,12.06
28-Jun-12,12.04
27-Jun-12,12.04
26-Jun-12,12.03
25-Jun-12,12.03
22-Jun-12,12.04
21-Jun-12,12.03
20-Jun-12,12.03
19-Jun-12,12.03
18-Jun-12,12.03
15-Jun-12,12.03
14-Jun-12,12.03
13-Jun-12,12.04
12-Jun-12,12.02
11-Jun-12,12.01
8-Jun-12,12.02
7-Jun-12,12.03
6-Jun-12,12.01
5-Jun-12,12.03
4-Jun-12,12.01
1-Jun-12,12.01
31-May-12,12.01
30-May-12,12.02
29-May-12,12
28-May-12,12
25-May-12,12.01
24-May-12,12.01
23-May-12,12
22-May-12,12
21-May-12,12.04
18-May-12,12.02
17-May-12,12.02
16-May-12,12.02
15-May-12,12.02
14-May-12,12.02
11-May-12,12
10-May-12,12.01
9-May-12,12.01
8-May-12,12
7-May-12,11.99
4-May-12,12.01
3-May-12,12
2-May-12,12.01
30-Apr-12,12.01
27-Apr-12,12.02
26-Apr-12,12.01
25-Apr-12,12.02
24-Apr-12,12.02
23-Apr-12,12.01
20-Apr-12,12
19-Apr-12,12
18-Apr-12,12
17-Apr-12,11.99
16-Apr-12,12
13-Apr-12,11.98
12-Apr-12,12
11-Apr-12,12
10-Apr-12,12
9-Apr-12,11.99
6-Apr-12,11.99
5-Apr-12,11.99
4-Apr-12,11.98
3-Apr-12,11.98
2-Apr-12,11.98
30-Mar-12,11.97
29-Mar-12,11.97
28-Mar-12,11.96
27-Mar-12,11.97
26-Mar-12,11.96
22-Mar-12,11.96
21-Mar-12,11.95
20-Mar-12,11.96
19-Mar-12,11.95
16-Mar-12,11.95
15-Mar-12,11.95
14-Mar-12,11.94
13-Mar-12,11.93
12-Mar-12,11.94
9-Mar-12,11.96
8-Mar-12,11.96
7-Mar-12,11.94
6-Mar-12,11.93
5-Mar-12,11.93
2-Mar-12,11.93
1-Mar-12,11.94
29-Feb-12,11.94
28-Feb-12,11.93
27-Feb-12,11.93
24-Feb-12,11.93
23-Feb-12,11.93
22-Feb-12,11.94
21-Feb-12,11.93
20-Feb-12,11.92
17-Feb-12,11.93
16-Feb-12,11.93
15-Feb-12,11.92
14-Feb-12,11.93
13-Feb-12,11.93
10-Feb-12,11.89
9-Feb-12,11.91
8-Feb-12,11.85
7-Feb-12,11.85
6-Feb-12,11.83
3-Feb-12,11.83
2-Feb-12,11.84
1-Feb-12,11.83
31-Jan-12,11.82
30-Jan-12,11.8
27-Jan-12,11.8
26-Jan-12,11.82
25-Jan-12,11.85
24-Jan-12,11.86
23-Jan-12,11.89
20-Jan-12,11.92
19-Jan-12,11.93
18-Jan-12,11.93
17-Jan-12,11.92
16-Jan-12,11.92
13-Jan-12,11.93
12-Jan-12,11.94
11-Jan-12,11.95
10-Jan-12,11.93
9-Jan-12,11.93
6-Jan-12,11.93
5-Jan-12,11.93
4-Jan-12,11.93
3-Jan-12,11.95
30-Dec-11,12.02
29-Dec-11,12.02
28-Dec-11,12.01
27-Dec-11,12
26-Dec-11,12
23-Dec-11,11.99
22-Dec-11,11.99
21-Dec-11,11.97
20-Dec-11,11.99
19-Dec-11,11.98
16-Dec-11,11.97
15-Dec-11,11.96
14-Dec-11,11.98
13-Dec-11,11.98
12-Dec-11,11.98
9-Dec-11,11.97
8-Dec-11,11.97
7-Dec-11,11.96
2-Dec-11,11.96
1-Dec-11,11.93
30-Nov-11,11.82
29-Nov-11,11.91
28-Nov-11,11.92
25-Nov-11,11.92
24-Nov-11,11.92
23-Nov-11,11.93
22-Nov-11,11.93
21-Nov-11,11.92
18-Nov-11,11.92
17-Nov-11,11.91
16-Nov-11,11.91
15-Nov-11,11.91
14-Nov-11,11.91
11-Nov-11,11.91
10-Nov-11,11.91
4-Nov-11,11.9
3-Nov-11,11.91
2-Nov-11,11.9
1-Nov-11,11.9
31-Oct-11,11.91
28-Oct-11,11.89
27-Oct-11,11.91
26-Oct-11,11.89
25-Oct-11,11.91
21-Oct-11,11.95
20-Oct-11,11.95
19-Oct-11,11.98
18-Oct-11,11.97
17-Oct-11,11.97
14-Oct-11,11.95
13-Oct-11,11.96
12-Oct-11,11.95
11-Oct-11,11.94
10-Oct-11,11.96
8-Oct-11,12.82
7-Oct-11,12.91
6-Oct-11,12.96
5-Oct-11,13.02
4-Oct-11,13.07
3-Oct-11,13.12
1-Oct-11,13.2
30-Sep-11,13.25
29-Sep-11,13.31
28-Sep-11,13.32
27-Sep-11,13.36
26-Sep-11,13.35
24-Sep-11,13.36
23-Sep-11,13.38
22-Sep-11,13.38
21-Sep-11,13.39
20-Sep-11,13.4
19-Sep-11,13.41
17-Sep-11,13.4
16-Sep-11,13.4
15-Sep-11,13.4
14-Sep-11,13.4
13-Sep-11,13.42
12-Sep-11,13.41
10-Sep-11,13.4
9-Sep-11,13.4
8-Sep-11,13.4
7-Sep-11,13.38
6-Sep-11,13.38
5-Sep-11,13.38
30-Aug-11,13.38
29-Aug-11,13.38
27-Aug-11,13.38
26-Aug-11,13.37
25-Aug-11,13.37
24-Aug-11,13.37
23-Aug-11,13.37
22-Aug-11,13.36
20-Aug-11,13.36
19-Aug-11,13.37
18-Aug-11,13.37
17-Aug-11,13.37
16-Aug-11,13.37
15-Aug-11,13.38
13-Aug-11,13.38
12-Aug-11,13.37
11-Aug-11,13.37
10-Aug-11,13.37
9-Aug-11,13.36
8-Aug-11,13.36
6-Aug-11,13.38
5-Aug-11,13.37
4-Aug-11,13.36
3-Aug-11,13.37
1-Aug-11,13.37
30-Jul-11,13.81
29-Jul-11,13.81
28-Jul-11,13.81
27-Jul-11,13.81
26-Jul-11,13.79
25-Jul-11,13.8
23-Jul-11,13.81
22-Jul-11,13.81
21-Jul-11,13.8
20-Jul-11,13.8
19-Jul-11,13.79
18-Jul-11,13.8
16-Jul-11,13.8
15-Jul-11,13.8
14-Jul-11,13.81
13-Jul-11,13.81
12-Jul-11,13.81
11-Jul-11,13.8
9-Jul-11,13.79
8-Jul-11,13.8
7-Jul-11,13.81
6-Jul-11,13.8
5-Jul-11,13.78
4-Jul-11,13.79
2-Jul-11,13.8
30-Jun-11,13.78
29-Jun-11,13.78
28-Jun-11,13.79
27-Jun-11,13.79
25-Jun-11,13.79
24-Jun-11,13.79
23-Jun-11,13.79
22-Jun-11,13.78
21-Jun-11,13.78
20-Jun-11,13.79
18-Jun-11,13.79
17-Jun-11,13.79
16-Jun-11,13.77
15-Jun-11,13.78
14-Jun-11,13.78
13-Jun-11,13.79
11-Jun-11,13.77
10-Jun-11,13.78
9-Jun-11,13.78
8-Jun-11,13.77
7-Jun-11,13.77
6-Jun-11,13.77
4-Jun-11,13.77
3-Jun-11,13.79
2-Jun-11,13.79
1-Jun-11,13.74
31-May-11,13.74
30-May-11,13.74
28-May-11,13.74
27-May-11,13.72
26-May-11,13.7
25-May-11,13.69
24-May-11,13.68
23-May-11,13.69
21-May-11,13.69
20-May-11,13.69
19-May-11,13.68
18-May-11,13.58
17-May-11,13.56
16-May-11,13.56
14-May-11,13.57
13-May-11,13.56
12-May-11,13.56
11-May-11,13.57
10-May-11,13.57
9-May-11,13.58
7-May-11,13.59
6-May-11,13.59
5-May-11,13.61
4-May-11,13.67
3-May-11,13.67
2-May-11,13.67
30-Apr-11,13.67
29-Apr-11,13.69
28-Apr-11,13.69
27-Apr-11,13.69
26-Apr-11,13.69
25-Apr-11,13.7
23-Apr-11,13.71
22-Apr-11,13.74
21-Apr-11,13.75
20-Apr-11,13.75
19-Apr-11,13.75
18-Apr-11,13.75
16-Apr-11,13.75
15-Apr-11,13.75
14-Apr-11,13.75
13-Apr-11,13.75
12-Apr-11,13.75
11-Apr-11,13.75
9-Apr-11,13.76
8-Apr-11,13.75
7-Apr-11,13.76
6-Apr-11,13.75
5-Apr-11,13.75
4-Apr-11,13.74
2-Apr-11,13.74
1-Apr-11,13.74
31-Mar-11,13.73
30-Mar-11,13.72
29-Mar-11,13.73
28-Mar-11,13.73
26-Mar-11,13.71
25-Mar-11,13.72
24-Mar-11,13.72
22-Mar-11,13.73
21-Mar-11,13.74
19-Mar-11,13.73
18-Mar-11,13.73
17-Mar-11,13.74
16-Mar-11,13.74
15-Mar-11,13.74
14-Mar-11,13.75
12-Mar-11,13.75
11-Mar-11,13.74
10-Mar-11,13.75
9-Mar-11,13.76
8-Mar-11,13.76
7-Mar-11,13.75
5-Mar-11,13.76
4-Mar-11,13.76
3-Mar-11,13.76
2-Mar-11,13.76
1-Mar-11,13.76
28-Feb-11,13.76
26-Feb-11,13.76
25-Feb-11,13.76
24-Feb-11,13.75
23-Feb-11,13.76
22-Feb-11,13.76
21-Feb-11,13.75
19-Feb-11,13.76
18-Feb-11,13.76
17-Feb-11,13.76
15-Feb-11,13.76
14-Feb-11,13.76
12-Feb-11,13.77
11-Feb-11,13.76
10-Feb-11,13.77
9-Feb-11,13.76
8-Feb-11,13.76
7-Feb-11,13.76
4-Feb-11,13.76
3-Feb-11,13.77
2-Feb-11,13.79
1-Feb-11,13.82
31-Jan-11,13.83
29-Jan-11,13.9
28-Jan-11,13.9
27-Jan-11,13.89
26-Jan-11,13.76
25-Jan-11,13.77
24-Jan-11,13.76
22-Jan-11,13.76
21-Jan-11,13.76
20-Jan-11,13.75
19-Jan-11,13.77
18-Jan-11,13.76
17-Jan-11,13.74
15-Jan-11,13.76
14-Jan-11,13.75
13-Jan-11,13.74
12-Jan-11,13.67
11-Jan-11,13.65
10-Jan-11,13.64
8-Jan-11,13.65
7-Jan-11,13.65
6-Jan-11,13.65
5-Jan-11,13.64
4-Jan-11,13.64
3-Jan-11,13.64
31-Dec-10,13.62
30-Dec-10,13.61
29-Dec-10,13.61
28-Dec-10,13.61
27-Dec-10,13.61
24-Dec-10,13.61
23-Dec-10,13.6
22-Dec-10,13.61
21-Dec-10,13.61
20-Dec-10,13.61
18-Dec-10,13.61
15-Dec-10,13.6
14-Dec-10,13.6
13-Dec-10,13.6
11-Dec-10,13.61
10-Dec-10,13.59
9-Dec-10,13.58
8-Dec-10,13.61
7-Dec-10,13.59
6-Dec-10,13.59
4-Dec-10,13.58
3-Dec-10,13.57
2-Dec-10,13.6
1-Dec-10,13.59
30-Nov-10,13.6
29-Nov-10,13.41
27-Nov-10,13.36
26-Nov-10,13.35
25-Nov-10,13.32
24-Nov-10,13.31
23-Nov-10,13.3
22-Nov-10,13.29
16-Nov-10,13.26
15-Nov-10,13.24
12-Nov-10,13.23
11-Nov-10,13.24
10-Nov-10,13.24
8-Nov-10,13.24
5-Nov-10,13.23
4-Nov-10,13.22
3-Nov-10,13.21
2-Nov-10,13.23
1-Nov-10,13.24
29-Oct-10,13.23
28-Oct-10,13.23
27-Oct-10,13.21
26-Oct-10,13.22
25-Oct-10,13.2
22-Oct-10,13.21
21-Oct-10,13.22
20-Oct-10,13.22
19-Oct-10,13.21
18-Oct-10,13.21
15-Oct-10,13.2
14-Oct-10,13.19
13-Oct-10,13.21
12-Oct-10,13.21
11-Oct-10,13.22
8-Oct-10,13.22
7-Oct-10,13.21
6-Oct-10,13.21
5-Oct-10,13.2
4-Oct-10,13.2
1-Oct-10,13.23
30-Sep-10,13.27
29-Sep-10,12.96
28-Sep-10,12.97
27-Sep-10,12.97
24-Sep-10,12.96
23-Sep-10,12.96
22-Sep-10,12.9
21-Sep-10,12.89
20-Sep-10,12.89
17-Sep-10,12.9
16-Sep-10,12.88
15-Sep-10,12.89
14-Sep-10,12.89
9-Sep-10,12.91
8-Sep-10,12.88
7-Sep-10,12.87
6-Sep-10,12.88
3-Sep-10,12.86
2-Sep-10,12.87
1-Sep-10,12.88
31-Aug-10,12.87
30-Aug-10,12.87
27-Aug-10,12.87
26-Aug-10,12.86
25-Aug-10,12.86
24-Aug-10,12.86
23-Aug-10,12.85
20-Aug-10,12.85
19-Aug-10,12.83
18-Aug-10,12.82
17-Aug-10,12.81
16-Aug-10,12.81
13-Aug-10,12.81
11-Aug-10,12.83
10-Aug-10,12.83
9-Aug-10,12.83
6-Aug-10,12.81
5-Aug-10,12.79
4-Aug-10,12.81
3-Aug-10,12.78
2-Aug-10,12.76
30-Jul-10,12.42
29-Jul-10,12.44
28-Jul-10,12.41
27-Jul-10,12.39
26-Jul-10,12.39
23-Jul-10,12.39
22-Jul-10,12.4
21-Jul-10,12.4
20-Jul-10,12.4
19-Jul-10,12.39
16-Jul-10,12.4
15-Jul-10,12.4
14-Jul-10,12.38
13-Jul-10,12.37
12-Jul-10,12.37
9-Jul-10,12.35
8-Jul-10,12.35
7-Jul-10,12.35
6-Jul-10,12.35
5-Jul-10,12.35
2-Jul-10,12.35
30-Jun-10,12.37
29-Jun-10,12.37
28-Jun-10,12.35
25-Jun-10,12.37
24-Jun-10,12.37
23-Jun-10,12.37
22-Jun-10,12.37
21-Jun-10,12.37
18-Jun-10,12.38
17-Jun-10,12.38
16-Jun-10,12.35
15-Jun-10,12.35
14-Jun-10,12.34
11-Jun-10,12.34
10-Jun-10,12.34
9-Jun-10,12.34
8-Jun-10,12.34
7-Jun-10,12.35
4-Jun-10,12.34
3-Jun-10,12.33
2-Jun-10,12.3
1-Jun-10,12.28
31-May-10,12.27
28-May-10,12.24
27-May-10,12.24
26-May-10,12.23
25-May-10,12.23
24-May-10,12.2
21-May-10,12.22
20-May-10,12.25
19-May-10,12.23
18-May-10,12.23
17-May-10,12.23
14-May-10,12.22
13-May-10,12.22
12-May-10,12.22
11-May-10,12.22
10-May-10,12.24
7-May-10,12.24
6-May-10,12.26
5-May-10,12.28
4-May-10,12.27
3-May-10,12.27
30-Apr-10,12.33
29-Apr-10,12.33
28-Apr-10,12.34
27-Apr-10,12.34
26-Apr-10,12.35
23-Apr-10,12.34
22-Apr-10,12.35
21-Apr-10,12.35
20-Apr-10,12.35
19-Apr-10,12.35
17-Apr-10,12.36
16-Apr-10,12.35
15-Apr-10,12.36
14-Apr-10,12.35
13-Apr-10,12.35
12-Apr-10,12.36
10-Apr-10,12.36
9-Apr-10,12.36
8-Apr-10,12.36
7-Apr-10,12.37
6-Apr-10,12.38
5-Apr-10,12.38
3-Apr-10,12.4
2-Apr-10,12.4
1-Apr-10,12.4
31-Mar-10,12.41
30-Mar-10,12.41
29-Mar-10,12.41
27-Mar-10,12.42
26-Mar-10,12.43
25-Mar-10,12.44
24-Mar-10,12.43
22-Mar-10,12.43
20-Mar-10,12.44
19-Mar-10,12.44
18-Mar-10,12.44
17-Mar-10,12.44
16-Mar-10,12.43
15-Mar-10,12.43
13-Mar-10,12.43
12-Mar-10,12.43
11-Mar-10,12.42
10-Mar-10,12.4
9-Mar-10,12.39
8-Mar-10,12.4
6-Mar-10,12.41
5-Mar-10,12.39
4-Mar-10,12.39
3-Mar-10,12.4
2-Mar-10,12.42
1-Mar-10,12.42
26-Feb-10,12.43
25-Feb-10,12.43
24-Feb-10,12.38
23-Feb-10,12.38
22-Feb-10,12.38
20-Feb-10,12.38
19-Feb-10,12.36
18-Feb-10,12.35
17-Feb-10,12.34
16-Feb-10,12.32
15-Feb-10,12.3
13-Feb-10,12.29
12-Feb-10,12.29
11-Feb-10,12.29
10-Feb-10,12.26
9-Feb-10,12.26
8-Feb-10,12.25
6-Feb-10,12.25
4-Feb-10,12.26
3-Feb-10,12.26
2-Feb-10,12.26
1-Feb-10,12.26
30-Jan-10,12.23
29-Jan-10,12.24
28-Jan-10,12.25
27-Jan-10,12.26
26-Jan-10,12.26
25-Jan-10,12.26
23-Jan-10,12.26
22-Jan-10,12.26
21-Jan-10,12.25
20-Jan-10,12.29
19-Jan-10,12.3
18-Jan-10,12.3
16-Jan-10,12.3
15-Jan-10,12.32
14-Jan-10,12.32
13-Jan-10,12.33
12-Jan-10,12.35
11-Jan-10,12.36
9-Jan-10,12.36
8-Jan-10,12.35
7-Jan-10,12.35
6-Jan-10,12.34
5-Jan-10,12.35
4-Jan-10,12.37
2-Jan-10,12.41
31-Dec-09,12.43
30-Dec-09,12.44
29-Dec-09,12.43
26-Dec-09,12.45
24-Dec-09,12.47
23-Dec-09,12.46
22-Dec-09,12.46
21-Dec-09,12.46
19-Dec-09,12.46
18-Dec-09,12.46
17-Dec-09,12.46
16-Dec-09,12.45
15-Dec-09,12.45
14-Dec-09,12.45
13-Dec-09,12.44
12-Dec-09,12.43
11-Dec-09,12.44
10-Dec-09,12.43
9-Dec-09,12.42
8-Dec-09,12.44
7-Dec-09,12.41
5-Dec-09,12.41
4-Dec-09,12.39
3-Dec-09,12.41
2-Dec-09,12.4
1-Dec-09,12.4
26-Nov-09,12.41
25-Nov-09,12.41
24-Nov-09,12.65
23-Nov-09,12.65
21-Nov-09,12.66
20-Nov-09,12.69
19-Nov-09,12.72
18-Nov-09,12.75
17-Nov-09,12.75
16-Nov-09,12.75
14-Nov-09,12.75
13-Nov-09,12.75
12-Nov-09,12.75
11-Nov-09,12.75
10-Nov-09,12.75
7-Nov-09,12.76
6-Nov-09,12.77
5-Nov-09,12.8
4-Nov-09,12.85
3-Nov-09,12.84
2-Nov-09,12.83
31-Oct-09,12.84
30-Oct-09,12.85
29-Oct-09,12.85
28-Oct-09,12.88
27-Oct-09,12.85
26-Oct-09,12.82
24-Oct-09,12.79
23-Oct-09,12.77
22-Oct-09,12.72
21-Oct-09,12.66
20-Oct-09,12.65
19-Oct-09,12.65
17-Oct-09,12.65
16-Oct-09,12.66
15-Oct-09,12.66
14-Oct-09,12.66
13-Oct-09,12.65
12-Oct-09,12.65
10-Oct-09,12.66
9-Oct-09,12.67
8-Oct-09,12.66
7-Oct-09,12.66
6-Oct-09,12.65
5-Oct-09,12.65
3-Oct-09,12.65
2-Oct-09,12.65
1-Oct-09,12.65
30-Sep-09,12.65
29-Sep-09,12.65
28-Sep-09,12.65
26-Sep-09,12.66
25-Sep-09,12.66
24-Sep-09,12.65
19-Sep-09,12.66
18-Sep-09,12.66
17-Sep-09,12.67
16-Sep-09,12.66
15-Sep-09,12.65
14-Sep-09,12.67
12-Sep-09,12.68
11-Sep-09,12.66
10-Sep-09,12.68
9-Sep-09,12.56
8-Sep-09,12.56
7-Sep-09,12.56
5-Sep-09,12.55
4-Sep-09,12.56
3-Sep-09,12.56
2-Sep-09,12.55
1-Sep-09,12.56
31-Aug-09,12.56
29-Aug-09,12.56
28-Aug-09,12.56
27-Aug-09,12.55
26-Aug-09,12.52
25-Aug-09,12.48
24-Aug-09,12.44
22-Aug-09,12.44
21-Aug-09,12.39
20-Aug-09,12.32
19-Aug-09,12.29
18-Aug-09,12.25
17-Aug-09,12.22
15-Aug-09,12.19
13-Aug-09,12.2
12-Aug-09,12.19
11-Aug-09,12.14
10-Aug-09,12.1
8-Aug-09,12.1
7-Aug-09,12.11
6-Aug-09,12.1
5-Aug-09,12.03
4-Aug-09,12
3-Aug-09,12
1-Aug-09,12
31-Jul-09,11.99
30-Jul-09,12
29-Jul-09,11.92
28-Jul-09,11.88
27-Jul-09,11.87
25-Jul-09,11.88
24-Jul-09,11.88
23-Jul-09,11.89
22-Jul-09,11.91
21-Jul-09,11.91
20-Jul-09,11.92
18-Jul-09,11.92
17-Jul-09,11.93
16-Jul-09,11.95
15-Jul-09,11.98
14-Jul-09,12
13-Jul-09,12.02
11-Jul-09,12.07
10-Jul-09,12.1
9-Jul-09,12.11
8-Jul-09,12.23
7-Jul-09,12.29
6-Jul-09,12.32
4-Jul-09,12.37
3-Jul-09,12.43
2-Jul-09,12.54
30-Jun-09,12.76
29-Jun-09,12.75
27-Jun-09,12.77
26-Jun-09,12.76
25-Jun-09,12.77
24-Jun-09,12.79
23-Jun-09,12.8
22-Jun-09,12.87
20-Jun-09,12.91
19-Jun-09,12.91
18-Jun-09,12.92
17-Jun-09,12.98
16-Jun-09,13.05
15-Jun-09,13.05
13-Jun-09,13.05
12-Jun-09,13.06
11-Jun-09,13.27
10-Jun-09,13.51
9-Jun-09,13.63
8-Jun-09,13.65
6-Jun-09,13.71
5-Jun-09,13.71
4-Jun-09,13.73
3-Jun-09,13.74
2-Jun-09,13.74
1-Jun-09,13.74
30-May-09,13.75
29-May-09,13.75
28-May-09,13.77
27-May-09,13.76
26-May-09,13.75
25-May-09,13.76
23-May-09,13.77
22-May-09,13.76
21-May-09,13.8
20-May-09,13.78
19-May-09,13.69
18-May-09,13.6
16-May-09,13.45
15-May-09,13.36
14-May-09,13.35
13-May-09,13.35
12-May-09,13.35
11-May-09,13.35
9-May-09,13.34
8-May-09,13.34
7-May-09,13.35
6-May-09,13.35
5-May-09,13.35
4-May-09,13.34
2-May-09,13.35
30-Apr-09,13.35
29-Apr-09,13.35
28-Apr-09,13.35
27-Apr-09,13.36
25-Apr-09,13.34
24-Apr-09,13.35
23-Apr-09,13.35
22-Apr-09,13.28
21-Apr-09,13.26
20-Apr-09,13.51
18-Apr-09,13.51
17-Apr-09,13.51
16-Apr-09,13.5
15-Apr-09,13.47
14-Apr-09,13.47
13-Apr-09,13.5
11-Apr-09,13.51
10-Apr-09,13.5
9-Apr-09,13.52
8-Apr-09,12.93
7-Apr-09,12.89
6-Apr-09,12.85
4-Apr-09,12.85
3-Apr-09,12.85
2-Apr-09,12.88
1-Apr-09,12.87
31-Mar-09,12.85
30-Mar-09,12.75
28-Mar-09,12.62
27-Mar-09,12.58
26-Mar-09,12.51
25-Mar-09,12.46
24-Mar-09,12.47
21-Mar-09,12.48
20-Mar-09,12.52
19-Mar-09,12.52
18-Mar-09,12.47
17-Mar-09,12.44
16-Mar-09,12.44
14-Mar-09,12.43
13-Mar-09,12.44
12-Mar-09,12.45
11-Mar-09,12.46
9-Mar-09,12.5
7-Mar-09,12.51
6-Mar-09,12.48
5-Mar-09,12.5
4-Mar-09,12.54
3-Mar-09,12.71
2-Mar-09,12.85
28-Feb-09,13.01
27-Feb-09,13.03
26-Feb-09,13.31
25-Feb-09,13.98
24-Feb-09,14.02
23-Feb-09,14.03
21-Feb-09,14.07
20-Feb-09,14.1
19-Feb-09,14.18
18-Feb-09,14.25
17-Feb-09,14.26
16-Feb-09,14.26
14-Feb-09,14.28
13-Feb-09,14.33
12-Feb-09,14.41
11-Feb-09,14.45
10-Feb-09,14.5
9-Feb-09,14.53
7-Feb-09,14.59
6-Feb-09,14.63
4-Feb-09,14.72
3-Feb-09,14.77
2-Feb-09,14.93
31-Jan-09,15.1
30-Jan-09,15.21
29-Jan-09,15.25
28-Jan-09,15.3
27-Jan-09,15.31
26-Jan-09,15.33
24-Jan-09,15.31
23-Jan-09,15.33
22-Jan-09,15.36
21-Jan-09,15.4
20-Jan-09,15.43
19-Jan-09,15.46
17-Jan-09,15.49
16-Jan-09,15.51
15-Jan-09,15.54
14-Jan-09,15.57
13-Jan-09,15.57
12-Jan-09,15.58
10-Jan-09,15.61
9-Jan-09,15.66
6-Jan-09,15.68
5-Jan-09,15.68
3-Jan-09,15.68
2-Jan-09,15.68
31-Dec-08,15.7
30-Dec-08,15.68
29-Dec-08,15.68
26-Dec-08,15.68
24-Dec-08,15.69
23-Dec-08,15.68
22-Dec-08,15.68
20-Dec-08,15.68
19-Dec-08,15.68
18-Dec-08,15.67
17-Dec-08,15.65
16-Dec-08,15.65
15-Dec-08,15.65
13-Dec-08,15.64
12-Dec-08,15.64
11-Dec-08,15.66
6-Dec-08,15.64
5-Dec-08,15.66
4-Dec-08,15.67
3-Dec-08,15.66
2-Dec-08,15.67
1-Dec-08,15.67
29-Nov-08,15.67
28-Nov-08,15.65
27-Nov-08,15.65
26-Nov-08,15.65
25-Nov-08,15.65
24-Nov-08,15.64
22-Nov-08,15.67
21-Nov-08,15.69
20-Nov-08,15.67
19-Nov-08,15.68
18-Nov-08,15.69
17-Nov-08,15.69
15-Nov-08,15.69
14-Nov-08,15.69
13-Nov-08,15.69
12-Nov-08,15.68
11-Nov-08,15.76
10-Nov-08,15.71
8-Nov-08,15.63
7-Nov-08,15.63
6-Nov-08,15.58
5-Nov-08,15.27
4-Nov-08,15.24
3-Nov-08,15.21
1-Nov-08,15.2
31-Oct-08,15.1
30-Oct-08,14.8
29-Oct-08,14.59
28-Oct-08,14.58
27-Oct-08,14.6
25-Oct-08,14.61
24-Oct-08,14.6
23-Oct-08,14.61
22-Oct-08,14.61
21-Oct-08,14.64
20-Oct-08,14.64
18-Oct-08,14.67
17-Oct-08,14.88
16-Oct-08,14.86
15-Oct-08,14.84
14-Oct-08,14.85
13-Oct-08,14.88
11-Oct-08,14.9
10-Oct-08,14.92
9-Oct-08,14.94
8-Oct-08,15
7-Oct-08,14.92
6-Oct-08,14.8
4-Oct-08,14.64
30-Sep-08,14.52
29-Sep-08,14.39
27-Sep-08,14.28
26-Sep-08,14.19
25-Sep-08,14.18
24-Sep-08,14.15
23-Sep-08,14.1
22-Sep-08,14.05
20-Sep-08,14.03
19-Sep-08,14.03
18-Sep-08,14
17-Sep-08,13.99
16-Sep-08,13.97
15-Sep-08,13.93
13-Sep-08,13.93
12-Sep-08,13.9
11-Sep-08,13.88
10-Sep-08,13.89
9-Sep-08,13.9
8-Sep-08,13.88
6-Sep-08,13.84
5-Sep-08,13.81
4-Sep-08,13.83
3-Sep-08,13.79
1-Sep-08,13.8
30-Aug-08,13.76
29-Aug-08,13.74
28-Aug-08,13.73
27-Aug-08,13.7
26-Aug-08,13.72
25-Aug-08,13.67
23-Aug-08,13.63
22-Aug-08,13.62
21-Aug-08,13.63
20-Aug-08,13.62
19-Aug-08,13.59
18-Aug-08,13.55
16-Aug-08,13.53
15-Aug-08,13.51
13-Aug-08,13.5
12-Aug-08,13.5
11-Aug-08,13.5
9-Aug-08,13.48
8-Aug-08,13.47
7-Aug-08,13.46
6-Aug-08,13.45
5-Aug-08,13.43
4-Aug-08,13.45
2-Aug-08,13.47
1-Aug-08,13.47
31-Jul-08,13.48
30-Jul-08,13.49
29-Jul-08,13.48
28-Jul-08,14.24
26-Jul-08,14.24
25-Jul-08,14.36
24-Jul-08,14.37
23-Jul-08,14.35
22-Jul-08,14.36
21-Jul-08,14.34
19-Jul-08,14.31
18-Jul-08,14.27
17-Jul-08,14.21
16-Jul-08,14.15
15-Jul-08,14.15
14-Jul-08,14.11
12-Jul-08,14.12
11-Jul-08,14.1
10-Jul-08,14.11
9-Jul-08,14.13
8-Jul-08,14.08
7-Jul-08,14.07
5-Jul-08,14.05
4-Jul-08,14.03
3-Jul-08,14.01
2-Jul-08,14.13
30-Jun-08,14.19
28-Jun-08,14.15
27-Jun-08,14.1
26-Jun-08,14.05
25-Jun-08,13.88
24-Jun-08,13.74
23-Jun-08,13.5
21-Jun-08,13.35
20-Jun-08,13.17
19-Jun-08,13.22
18-Jun-08,13.22
17-Jun-08,13.11
16-Jun-08,13.14
14-Jun-08,13.04
13-Jun-08,12.97
12-Jun-08,12.94
11-Jun-08,12.96
10-Jun-08,12.94
9-Jun-08,12.97
7-Jun-08,13
6-Jun-08,12.98
5-Jun-08,13.06
4-Jun-08,13.01
3-Jun-08,13.06
2-Jun-08,13.15
31-May-08,13.07
30-May-08,13.15
29-May-08,13.26
28-May-08,13.44
27-May-08,13.64
26-May-08,13.93
24-May-08,13.8
23-May-08,13.18
22-May-08,11.4
21-May-08,11.36
20-May-08,11.33
19-May-08,11.19
17-May-08,11.16
16-May-08,11.08
15-May-08,10.87
14-May-08,10.74
13-May-08,10.59
12-May-08,10.53
10-May-08,10.48
9-May-08,10.47
8-May-08,10.48
7-May-08,10.4
6-May-08,10.42
5-May-08,10.4
3-May-08,10.34
2-May-08,10.38
30-Apr-08,10.4
29-Apr-08,10.38
28-Apr-08,10.37
26-Apr-08,10.39
25-Apr-08,10.37
24-Apr-08,10.35
23-Apr-08,10.36
22-Apr-08,10.39
21-Apr-08,10.39
19-Apr-08,10.38
18-Apr-08,10.38
17-Apr-08,10.38
16-Apr-08,10.4
15-Apr-08,10.39
14-Apr-08,10.38
12-Apr-08,10.36
11-Apr-08,10.38
10-Apr-08,10.36
9-Apr-08,10.35
8-Apr-08,10.35
7-Apr-08,10.35
5-Apr-08,10.33
4-Apr-08,10.34
3-Apr-08,10.32
2-Apr-08,10.34
1-Apr-08,10.35
31-Mar-08,10.32
29-Mar-08,10.34
28-Mar-08,10.32
27-Mar-08,10.35
26-Mar-08,10.39
25-Mar-08,10.38
24-Mar-08,10.39
22-Mar-08,10.37
20-Mar-08,10.37
19-Mar-08,10.37
18-Mar-08,10.36
17-Mar-08,10.36
15-Mar-08,10.34
14-Mar-08,10.33
13-Mar-08,10.31
12-Mar-08,10.28
11-Mar-08,10.27
10-Mar-08,10.27
8-Mar-08,10.26
7-Mar-08,10.26
6-Mar-08,10.27
5-Mar-08,10.26
4-Mar-08,10.26
3-Mar-08,10.25
1-Mar-08,10.26
29-Feb-08,10.27
28-Feb-08,10.26
27-Feb-08,10.27
26-Feb-08,10.26
25-Feb-08,10.25
23-Feb-08,10.26
22-Feb-08,10.27
21-Feb-08,10.29
20-Feb-08,10.29
19-Feb-08,10.27
16-Feb-08,10.25
15-Feb-08,10.26
14-Feb-08,10.26
13-Feb-08,10.25
12-Feb-08,10.27
11-Feb-08,10.27
9-Feb-08,10.31
8-Feb-08,10.31
7-Feb-08,10.31
6-Feb-08,10.31
4-Feb-08,10.31
2-Feb-08,10.34
1-Feb-08,10.34
31-Jan-08,10.06
30-Jan-08,10.11
29-Jan-08,10.01
28-Jan-08,10.01
26-Jan-08,10.01
25-Jan-08,10.01
24-Jan-08,10.03
23-Jan-08,10.04
22-Jan-08,10.04
21-Jan-08,10.03
18-Jan-08,10.05
17-Jan-08,10.06
16-Jan-08,10.06
15-Jan-08,10.05
14-Jan-08,10.06
12-Jan-08,10.04
11-Jan-08,10.04
10-Jan-08,10.02
9-Jan-08,10.02
8-Jan-08,10.01
7-Jan-08,9.97
5-Jan-08,9.97
4-Jan-08,9.96
3-Jan-08,9.99
2-Jan-08,10
31-Dec-07,10
27-Dec-07,9.99
26-Dec-07,9.98
24-Dec-07,9.98
19-Dec-07,9.98
18-Dec-07,9.98
17-Dec-07,9.98
15-Dec-07,9.96
14-Dec-07,9.96
13-Dec-07,9.96
12-Dec-07,9.97
11-Dec-07,9.98
10-Dec-07,9.98
8-Dec-07,9.97
7-Dec-07,9.96
6-Dec-07,9.95
5-Dec-07,9.96
4-Dec-07,9.94
3-Dec-07,9.95
1-Dec-07,9.97
30-Nov-07,9.95
29-Nov-07,9.96
28-Nov-07,9.96
27-Nov-07,9.97
26-Nov-07,9.97
24-Nov-07,9.98
23-Nov-07,9.97
22-Nov-07,9.97
21-Nov-07,9.98
20-Nov-07,9.99
19-Nov-07,9.99
17-Nov-07,9.99
16-Nov-07,9.99
15-Nov-07,9.99
14-Nov-07,9.98
13-Nov-07,9.96
12-Nov-07,9.96
10-Nov-07,9.95
8-Nov-07,9.96
7-Nov-07,9.95
6-Nov-07,9.96
5-Nov-07,9.95
3-Nov-07,9.96
2-Nov-07,9.94
1-Nov-07,9.94
31-Oct-07,9.98
30-Oct-07,9.98
29-Oct-07,9.98
27-Oct-07,9.98
26-Oct-07,9.99
25-Oct-07,10
24-Oct-07,10
23-Oct-07,9.99
22-Oct-07,10
20-Oct-07,9.99
19-Oct-07,10.01
18-Oct-07,10
17-Oct-07,10
12-Oct-07,10.01
11-Oct-07,10
10-Oct-07,9.99
9-Oct-07,10
8-Oct-07,10
6-Oct-07,10
5-Oct-07,10
4-Oct-07,10
3-Oct-07,10
2-Oct-07,10
1-Oct-07,9.99
29-Sep-07,9.97
28-Sep-07,9.97
27-Sep-07,9.97
26-Sep-07,9.98
25-Sep-07,10
24-Sep-07,9.98
22-Sep-07,10
21-Sep-07,10
20-Sep-07,10.01
19-Sep-07,10
18-Sep-07,10
17-Sep-07,10.01
15-Sep-07,10
13-Sep-07,10.01
12-Sep-07,10.02
11-Sep-07,10
10-Sep-07,10.01
8-Sep-07,10.01
7-Sep-07,10.02
6-Sep-07,10.02
5-Sep-07,10.06
4-Sep-07,10.09
3-Sep-07,10.07
1-Sep-07,10.09
31-Aug-07,10.09
30-Aug-07,10.1
29-Aug-07,10.1
28-Aug-07,10.1
27-Aug-07,10.09
25-Aug-07,10.1
24-Aug-07,10.11
23-Aug-07,10.1
22-Aug-07,10.13
21-Aug-07,10.12
20-Aug-07,10.12
18-Aug-07,10.13
17-Aug-07,10.1
16-Aug-07,10.1
15-Aug-07,10.12
13-Aug-07,10.14
11-Aug-07,10.12
10-Aug-07,10.12
9-Aug-07,10.11
8-Aug-07,10.12
7-Aug-07,10.13
6-Aug-07,10.19
4-Aug-07,10.2
3-Aug-07,10.18
2-Aug-07,10.2
1-Aug-07,10.26
31-Jul-07,9.96
30-Jul-07,9.95
28-Jul-07,9.96
27-Jul-07,9.95
26-Jul-07,9.93
25-Jul-07,9.95
24-Jul-07,9.96
23-Jul-07,9.96
21-Jul-07,9.96
20-Jul-07,9.98
19-Jul-07,9.95
18-Jul-07,9.93
17-Jul-07,9.95
16-Jul-07,9.95
14-Jul-07,9.93
13-Jul-07,10.01
12-Jul-07,9.96
11-Jul-07,9.97
10-Jul-07,9.98
9-Jul-07,9.98
7-Jul-07,9.97
6-Jul-07,9.98
5-Jul-07,10.02
4-Jul-07,10.02
3-Jul-07,10.01
30-Jun-07,10.02
29-Jun-07,10
28-Jun-07,10
27-Jun-07,10.02
26-Jun-07,9.99
25-Jun-07,9.99
23-Jun-07,10
22-Jun-07,10.02
21-Jun-07,10.01
20-Jun-07,10.02
19-Jun-07,10.02
18-Jun-07,10.04
16-Jun-07,10.03
15-Jun-07,10
14-Jun-07,10.02
13-Jun-07,10.04
12-Jun-07,10.04
11-Jun-07,10.05
9-Jun-07,10.06
8-Jun-07,10.07
7-Jun-07,10.09
6-Jun-07,10.05
5-Jun-07,10.03
4-Jun-07,10.02
2-Jun-07,10.03
1-Jun-07,10.04
31-May-07,10.1
30-May-07,10.13
29-May-07,10.14
28-May-07,10.14
26-May-07,10.15
25-May-07,10.16
24-May-07,10.17
23-May-07,10.16
22-May-07,10.16
21-May-07,10.17
19-May-07,10.16
18-May-07,10.15
17-May-07,10.16
16-May-07,10.19
15-May-07,10.18
14-May-07,10.18
12-May-07,10.16
11-May-07,10.19
10-May-07,10.21
9-May-07,10.21
8-May-07,10.2
7-May-07,10.18
5-May-07,10.19
4-May-07,10.2
3-May-07,10.2
2-May-07,10.21
30-Apr-07,10.23
28-Apr-07,10.23
27-Apr-07,10.22
26-Apr-07,10.21
25-Apr-07,10.19
24-Apr-07,10.19
23-Apr-07,10.16
21-Apr-07,10.18
20-Apr-07,10.18
19-Apr-07,10.21
18-Apr-07,10.24
17-Apr-07,10.26
16-Apr-07,10.26
14-Apr-07,10.25
13-Apr-07,10.24
12-Apr-07,10.26
11-Apr-07,10.26
10-Apr-07,10.28
9-Apr-07,10.29
7-Apr-07,10.31
6-Apr-07,10.29
5-Apr-07,10.34
4-Apr-07,10.3
3-Apr-07,10.33
2-Apr-07,10.38
31-Mar-07,10.39
30-Mar-07,10.4
29-Mar-07,10.39
28-Mar-07,10.38
27-Mar-07,10.39
26-Mar-07,10.38
24-Mar-07,10.43
22-Mar-07,10.42
21-Mar-07,10.43
20-Mar-07,10.44
19-Mar-07,10.43
17-Mar-07,10.42
16-Mar-07,10.42
15-Mar-07,10.42
14-Mar-07,10.43
13-Mar-07,10.43
12-Mar-07,10.44
10-Mar-07,10.43
9-Mar-07,10.44
8-Mar-07,10.44
7-Mar-07,10.43
6-Mar-07,10.45
5-Mar-07,10.45
3-Mar-07,10.46
2-Mar-07,10.47
1-Mar-07,10.46
28-Feb-07,10.48
27-Feb-07,10.44
26-Feb-07,10.44
24-Feb-07,10.44
23-Feb-07,10.44
22-Feb-07,10.48
21-Feb-07,10.49
20-Feb-07,10.5
19-Feb-07,10.49
17-Feb-07,10.51
16-Feb-07,10.5
15-Feb-07,10.51
14-Feb-07,10.49
13-Feb-07,10.47
12-Feb-07,10.47
10-Feb-07,10.46
9-Feb-07,10.49
8-Feb-07,10.49
7-Feb-07,10.5
6-Feb-07,10.52
3-Feb-07,10.55
2-Feb-07,10.54
1-Feb-07,10.55
31-Jan-07,10.53
27-Jan-07,10.55
26-Jan-07,10.52
25-Jan-07,10.54
24-Jan-07,10.55
23-Jan-07,10.55
22-Jan-07,10.53
20-Jan-07,10.56
19-Jan-07,10.55
18-Jan-07,10.56
17-Jan-07,10.54
16-Jan-07,10.54
15-Jan-07,10.55
13-Jan-07,10.56
12-Jan-07,10.56
11-Jan-07,10.56
10-Jan-07,10.54
9-Jan-07,10.54
8-Jan-07,10.55
6-Jan-07,10.6
5-Jan-07,10.58
4-Jan-07,10.63
30-Dec-06,10.65
29-Dec-06,10.65
28-Dec-06,10.66
27-Dec-06,10.65
26-Dec-06,10.62
25-Dec-06,10.63
23-Dec-06,10.63
22-Dec-06,10.6
21-Dec-06,10.65
20-Dec-06,10.65
19-Dec-06,10.66
18-Dec-06,10.62
16-Dec-06,10.61
15-Dec-06,10.62
14-Dec-06,10.6
13-Dec-06,10.6
12-Dec-06,10.58
11-Dec-06,10.59
9-Dec-06,10.57
8-Dec-06,10.58
7-Dec-06,10.59
6-Dec-06,10.6
5-Dec-06,10.59
4-Dec-06,10.55
2-Dec-06,10.53
1-Dec-06,10.54
30-Nov-06,10.57
29-Nov-06,10.57
28-Nov-06,10.56
27-Nov-06,10.56
25-Nov-06,10.55
24-Nov-06,10.58
23-Nov-06,10.57
22-Nov-06,10.58
21-Nov-06,10.57
20-Nov-06,10.56
18-Nov-06,10.56
17-Nov-06,10.56
16-Nov-06,10.55
15-Nov-06,10.55
14-Nov-06,10.55
13-Nov-06,10.56
11-Nov-06,10.55
10-Nov-06,10.56
9-Nov-06,10.56
8-Nov-06,10.56
7-Nov-06,10.55
6-Nov-06,10.58
4-Nov-06,10.55
3-Nov-06,10.55
2-Nov-06,10.6
1-Nov-06,10.56
31-Oct-06,10.58
30-Oct-06,10.55
28-Oct-06,10.57
27-Oct-06,10.56
21-Oct-06,10.54
20-Oct-06,10.53
19-Oct-06,10.55
18-Oct-06,10.52
17-Oct-06,10.54
16-Oct-06,10.54
14-Oct-06,10.51
13-Oct-06,10.52
12-Oct-06,10.53
11-Oct-06,10.52
10-Oct-06,10.51
9-Oct-06,10.5
7-Oct-06,10.49
6-Oct-06,10.48
5-Oct-06,10.46
4-Oct-06,10.43
3-Oct-06,10.43
2-Oct-06,10.43
30-Sep-06,10.4
29-Sep-06,10.39
28-Sep-06,10.39
27-Sep-06,10.4
26-Sep-06,10.37
23-Sep-06,10.39
22-Sep-06,10.39
21-Sep-06,10.38
20-Sep-06,10.39
19-Sep-06,10.39
18-Sep-06,10.36
16-Sep-06,10.31
15-Sep-06,10.35
14-Sep-06,10.36
13-Sep-06,10.35
12-Sep-06,10.35
11-Sep-06,10.33
9-Sep-06,10.34
8-Sep-06,10.37
7-Sep-06,10.37
6-Sep-06,10.37
5-Sep-06,10.36
4-Sep-06,10.35
2-Sep-06,10.36
1-Sep-06,10.38
31-Aug-06,10.37
30-Aug-06,10.33
29-Aug-06,10.38
28-Aug-06,10.38
26-Aug-06,10.4
25-Aug-06,10.35
24-Aug-06,10.37
23-Aug-06,10.39
22-Aug-06,10.43
21-Aug-06,10.43
19-Aug-06,10.43
18-Aug-06,10.47
17-Aug-06,10.4
16-Aug-06,10.41
15-Aug-06,10.41
12-Aug-06,10.43
11-Aug-06,10.45
10-Aug-06,10.46
9-Aug-06,10.43
8-Aug-06,10.43
7-Aug-06,10.44
5-Aug-06,10.36
4-Aug-06,10.43
3-Aug-06,10.44
2-Aug-06,10.55
1-Aug-06,10.6
31-Jul-06,10.65
29-Jul-06,10.4
28-Jul-06,10.42
27-Jul-06,10.44
26-Jul-06,10.51
25-Jul-06,10.54
24-Jul-06,10.57
22-Jul-06,10.5
21-Jul-06,10.16
20-Jul-06,10.07
19-Jul-06,10.07
18-Jul-06,9.53
17-Jul-06,9.53
15-Jul-06,9.55
14-Jul-06,9.5
13-Jul-06,9.51
12-Jul-06,9.52
11-Jul-06,9.53
10-Jul-06,9.57
8-Jul-06,9.58
7-Jul-06,9.59
6-Jul-06,9.57
5-Jul-06,9.6
4-Jul-06,9.62
3-Jul-06,9.61
30-Jun-06,9.61
29-Jun-06,9.67
28-Jun-06,9.66
27-Jun-06,9.63
26-Jun-06,9.65
24-Jun-06,9.7
23-Jun-06,9.7
22-Jun-06,9.69
21-Jun-06,9.7
20-Jun-06,9.72
19-Jun-06,9.74
17-Jun-06,9.74
16-Jun-06,9.69
15-Jun-06,9.68
14-Jun-06,9.71
13-Jun-06,9.66
12-Jun-06,9.72
10-Jun-06,9.71
9-Jun-06,9.7
8-Jun-06,9.71
7-Jun-06,9.65
6-Jun-06,9.67
5-Jun-06,9.63
3-Jun-06,9.63
2-Jun-06,9.65
1-Jun-06,9.66
31-May-06,9.66
30-May-06,9.61
29-May-06,9.62
27-May-06,9.66
26-May-06,9.66
25-May-06,9.68
24-May-06,9.69
23-May-06,9.7
22-May-06,9.69
20-May-06,9.69
19-May-06,9.63
18-May-06,9.65
17-May-06,9.7
16-May-06,9.69
15-May-06,9.7
13-May-06,9.68
12-May-06,9.66
11-May-06,9.7
10-May-06,9.69
9-May-06,9.69
8-May-06,9.7
6-May-06,9.69
5-May-06,9.69
4-May-06,9.68
3-May-06,9.67
2-May-06,9.63
1-May-06,9.6
29-Apr-06,9.6
28-Apr-06,9.6
27-Apr-06,9.59
26-Apr-06,9.57
25-Apr-06,9.55
24-Apr-06,9.54
22-Apr-06,9.52
21-Apr-06,9.54
20-Apr-06,9.53
19-Apr-06,9.53
18-Apr-06,9.55
17-Apr-06,9.5
15-Apr-06,9.49
14-Apr-06,9.46
13-Apr-06,9.46
12-Apr-06,9.45
11-Apr-06,9.4
10-Apr-06,9.4
8-Apr-06,9.39
7-Apr-06,9.39
6-Apr-06,9.38
5-Apr-06,9.39
4-Apr-06,9.41
3-Apr-06,9.41
1-Apr-06,9.44
31-Mar-06,9.43
30-Mar-06,9.38
29-Mar-06,9.37
28-Mar-06,9.35
27-Mar-06,9.38
25-Mar-06,9.38
24-Mar-06,9.39
23-Mar-06,9.35
22-Mar-06,9.35
21-Mar-06,9.34
20-Mar-06,9.34
18-Mar-06,9.34
17-Mar-06,9.29
16-Mar-06,9.29
15-Mar-06,9.31
14-Mar-06,9.31
13-Mar-06,9.34
11-Mar-06,9.32
10-Mar-06,9.34
9-Mar-06,9.33
8-Mar-06,9.35
7-Mar-06,9.35
6-Mar-06,9.35
4-Mar-06,9.3
3-Mar-06,9.26
2-Mar-06,9.32
1-Mar-06,9.32
28-Feb-06,9.39
27-Feb-06,9.31
25-Feb-06,9.3
24-Feb-06,9.32
23-Feb-06,9.36
22-Feb-06,9.35
21-Feb-06,9.3
20-Feb-06,9.29
18-Feb-06,9.25
17-Feb-06,9.22
16-Feb-06,9.21
15-Feb-06,9.21
14-Feb-06,9.19
13-Feb-06,9.2
11-Feb-06,9.21
10-Feb-06,9.2
9-Feb-06,9.24
8-Feb-06,9.24
7-Feb-06,9.24
6-Feb-06,9.22
4-Feb-06,9.2
3-Feb-06,9.18
2-Feb-06,9.18
1-Feb-06,9.21
31-Jan-06,9.23
30-Jan-06,9.22
28-Jan-06,9.22
27-Jan-06,9.22
26-Jan-06,9.21
25-Jan-06,9.16
24-Jan-06,9.21
23-Jan-06,9.16
21-Jan-06,9.19
20-Jan-06,9.15
19-Jan-06,9.15
18-Jan-06,9.22
17-Jan-06,9.15
16-Jan-06,9.14
14-Jan-06,9.13
13-Jan-06,9.07
12-Jan-06,9.08
11-Jan-06,9.08
10-Jan-06,9.08
9-Jan-06,9.08
7-Jan-06,9.04
6-Jan-06,9.06
5-Jan-06,9.05
4-Jan-06,9.01
3-Jan-06,9.01
2-Jan-06,9.05
31-Dec-05,9.05
30-Dec-05,9.03
29-Dec-05,9.1
28-Dec-05,9.02
27-Dec-05,9.09
26-Dec-05,9.11
24-Dec-05,9.12
23-Dec-05,9.14
22-Dec-05,9.13
21-Dec-05,9.15
20-Dec-05,9.13
19-Dec-05,9.16
17-Dec-05,9.25
16-Dec-05,9.09
15-Dec-05,9.1
14-Dec-05,9.05
13-Dec-05,9.12
12-Dec-05,9.18
10-Dec-05,9.09
9-Dec-05,9.25
8-Dec-05,9.25
7-Dec-05,9.25
6-Dec-05,9.22
5-Dec-05,9.18
3-Dec-05,9.19
2-Dec-05,9.2
1-Dec-05,9.16
30-Nov-05,9.19
29-Nov-05,9.2
28-Nov-05,9.18
26-Nov-05,9.14
25-Nov-05,9.16
24-Nov-05,9.16
23-Nov-05,9.11
22-Nov-05,9.14
21-Nov-05,9.11
19-Nov-05,9.11
18-Nov-05,9.1
17-Nov-05,9.15
16-Nov-05,9.18
15-Nov-05,9.16
14-Nov-05,9.15
12-Nov-05,9.14
11-Nov-05,9.18
10-Nov-05,9.16
9-Nov-05,9.11
8-Nov-05,9.11
7-Nov-05,9.11
5-Nov-05,9.08
4-Nov-05,9.08
3-Nov-05,9.08
2-Nov-05,9.08
1-Nov-05,9.08
31-Oct-05,9.1
29-Oct-05,9.1
28-Oct-05,9.05
27-Oct-05,9.06
26-Oct-05,9.07
25-Oct-05,9.05
24-Oct-05,9.09
22-Oct-05,9.07
21-Oct-05,9.08
20-Oct-05,9.05
19-Oct-05,9.03
18-Oct-05,9.02
17-Oct-05,9.04
15-Oct-05,9.01
14-Oct-05,9.01
13-Oct-05,9.02
12-Oct-05,8.99
11-Oct-05,9.01
10-Oct-05,8.99
8-Oct-05,8.98
7-Oct-05,8.98
6-Oct-05,8.98
5-Oct-05,8.98
4-Oct-05,8.95
3-Oct-05,8.94
1-Oct-05,8.92
30-Sep-05,8.94
29-Sep-05,8.91
28-Sep-05,8.92
27-Sep-05,8.94
26-Sep-05,8.93
24-Sep-05,8.93
23-Sep-05,8.96
22-Sep-05,8.95
21-Sep-05,8.91
20-Sep-05,8.92
19-Sep-05,8.89
17-Sep-05,8.88
16-Sep-05,8.89
15-Sep-05,8.9
14-Sep-05,8.89
13-Sep-05,8.88
12-Sep-05,8.89
10-Sep-05,8.91
9-Sep-05,8.86
8-Sep-05,8.87
7-Sep-05,8.85
6-Sep-05,8.86
5-Sep-05,8.85
3-Sep-05,8.84
2-Sep-05,8.89
1-Sep-05,8.9
31-Aug-05,8.87
30-Aug-05,8.88
29-Aug-05,8.86
27-Aug-05,8.83
26-Aug-05,8.91
25-Aug-05,8.92
24-Aug-05,8.93
23-Aug-05,8.94
22-Aug-05,8.95
20-Aug-05,8.95
19-Aug-05,8.94
18-Aug-05,8.94
17-Aug-05,8.94
16-Aug-05,8.96
15-Aug-05,8.95
13-Aug-05,8.94
12-Aug-05,8.88
11-Aug-05,8.94
10-Aug-05,8.92
9-Aug-05,8.91
8-Aug-05,8.9
6-Aug-05,8.92
5-Aug-05,8.89
4-Aug-05,8.94
3-Aug-05,9
2-Aug-05,9.07
1-Aug-05,9.1
30-Jul-05,9.1
29-Jul-05,9.09
28-Jul-05,9.08
27-Jul-05,9.11
26-Jul-05,9.09
25-Jul-05,9.06
23-Jul-05,9.05
22-Jul-05,9.07
21-Jul-05,8.98
20-Jul-05,8.96
19-Jul-05,8.98
18-Jul-05,8.95
16-Jul-05,8.93
15-Jul-05,8.86
14-Jul-05,8.84
13-Jul-05,8.8
12-Jul-05,8.8
11-Jul-05,8.78
9-Jul-05,8.73
8-Jul-05,8.77
7-Jul-05,8.75
6-Jul-05,8.75
5-Jul-05,8.74
4-Jul-05,8.69
2-Jul-05,8.64
1-Jul-05,8.69
30-Jun-05,8.71
29-Jun-05,8.77
28-Jun-05,8.8
27-Jun-05,8.76
25-Jun-05,8.74
24-Jun-05,8.7
23-Jun-05,8.66
22-Jun-05,8.66
21-Jun-05,8.65
20-Jun-05,8.65
18-Jun-05,8.66
17-Jun-05,8.67
16-Jun-05,8.69
15-Jun-05,8.7
14-Jun-05,8.67
13-Jun-05,8.69
11-Jun-05,8.68
10-Jun-05,8.66
9-Jun-05,8.82
